created_at,text,lang,coordinates
Sat Apr 18 07:14:29 +0000 2020,b'i haven\\u2019t even been awake for more than an hour and i already feel a headache forming from overthinking',en,
Sat Apr 18 07:14:32 +0000 2020,b'I\\u2019ve had a splitting headache for a week now and I am tired of it \\U0001f643\\n\\nOne of those ones where when you move your hea\\u2026 https://t.co/uImXZAfG40',en,
Sat Apr 18 07:14:33 +0000 2020,b'RT @marissaaalovee: One of my dads workers tested positive for covid-19 &amp; his first symptoms were headache/stomache. Not all cases are alik\\u2026',en,
Sat Apr 18 07:14:37 +0000 2020,b'RT @Iraqitingg: woke up with the FATTEST headache',en,
Sat Apr 18 07:14:37 +0000 2020,"b""@chetan0711 @BFI_official @mail_today Understood. Couldn't understand 'giving tips' and hence responded. It is good\\u2026 https://t.co/kbFwmrVqPl""",en,
Sat Apr 18 07:14:39 +0000 2020,b'even in season 3!!!!! such a headache lord',en,
Sat Apr 18 07:14:43 +0000 2020,b'fuck this headache',en,
Sat Apr 18 07:14:43 +0000 2020,"b""RT @NinjaSocialist: @Testify_Cn @lmv6719 I'm discovering that repeated exposure to stupid can cause a headache that make me feel like my br\\u2026""",en,
Sat Apr 18 07:14:46 +0000 2020,b'RT @motleythemutt: How to make a sex post:\\n\\nmedical ailment + \\u2018for you\\u2019\\n\\nSuch as:\\n\\nMy mouth aches for you\\nI have a headache for you\\nI broke\\u2026',en,
Sat Apr 18 07:14:48 +0000 2020,b'just finished cruel prince i have a headache',en,
Sat Apr 18 07:14:53 +0000 2020,"b'RT @chetan0711: @kaypeem @BFI_official @mail_today Sir after proper consultation, doctors are advising boxers about home remedies. If it do\\u2026'",en,
Sat Apr 18 07:14:54 +0000 2020,b'I got this bad ass headache bro ..',en,
Sat Apr 18 07:15:02 +0000 2020,b'what is the logic behind waking up with the same damn headache you fell asleep with',en,
Sat Apr 18 07:15:01 +0000 2020,"b""Bedtime conversation at the Rogers' house tonight began with a discussion of the guitar solo in Elvis Presley's Hou\\u2026 https://t.co/PiKZDMcyNv""",en,
Sat Apr 18 07:15:02 +0000 2020,"b'this is it for me guys , everyone have fun !!! enjoy the concert for me \\U0001f62d'",en,
Sat Apr 18 07:15:14 +0000 2020,"b'RT @DeepLeffen: No johns, but I didn\\u2019t fucking lose. 1. I had a horrible headache the entire set. 2. I didn\\u2019t even watch the last match. 3.\\u2026'",en,
Sat Apr 18 07:15:21 +0000 2020,b'RT @thathaitian98: Me too\\U0001f602 reading a whole paragraph in Creole give me a headache',en,
Sat Apr 18 07:15:25 +0000 2020,"b'Another decrease in the number of patients in serious condition and respiratory disease, 13,107 have so far been in\\u2026 https://t.co/j7fsWSbTxf'",en,
Sat Apr 18 07:15:26 +0000 2020,"b""@Broshi_Alt I'm the same broshi. Not sure about you tho but when I get a headache in times like those, it's usually a migraine""",en,
Sat Apr 18 07:15:29 +0000 2020,b'@nicococolatto @chuwwwua @gau7ier This conversation scared me and giving me headache from imagining how salty they must be.',en,
Sat Apr 18 07:15:29 +0000 2020,"b'RT @DeepLeffen: No johns, but I didn\\u2019t fucking lose. 1. I had a horrible headache the entire set. 2. I didn\\u2019t even watch the last match. 3.\\u2026'",en,
Sat Apr 18 07:15:31 +0000 2020,b'I HAVE HEADACHE SHOUTING TO MICH',en,
Sat Apr 18 07:15:35 +0000 2020,b'maybe my cappuccino fixed my headache.',en,
Sat Apr 18 07:15:35 +0000 2020,b'I wish this headache go away',en,
Sat Apr 18 07:15:40 +0000 2020,"b'RT @nicd_sa: Symptoms of #COVID19 include fever, coughing, and shortness of breath. If you believe there\\u2019s a chance you may be infected, ca\\u2026'",en,
Sat Apr 18 07:15:44 +0000 2020,b'i think im finna start getting a headache',en,
Sat Apr 18 07:15:47 +0000 2020,"b'Don\\u2019t f with a penis n a headache tho, u need a champ https://t.co/8akMeQ2DA2'",en,
Sat Apr 18 07:15:57 +0000 2020,b'Headache \\U0001f62b',et,
Sat Apr 18 07:15:58 +0000 2020,b'A headache is coming on \\U0001f629',en,
Sat Apr 18 07:16:08 +0000 2020,"b""I hope I don't wake up with a sore throat tomorrow""",en,
Sat Apr 18 07:16:11 +0000 2020,"b""Chan said his VLIVE would go for 2hours lol will I survive with this headache? I didn't sleep since last night shift ha ha ha""",en,
Sat Apr 18 07:16:11 +0000 2020,b'channel orange is the worst headache.',en,
Sat Apr 18 07:16:14 +0000 2020,b'@AyesHavit @EdJuarez12 @RepSwalwell @weijia that\\u2019s because you lack basic comprehension of herd immunity and most o\\u2026 https://t.co/3b6sRISP05',en,
Sat Apr 18 07:16:14 +0000 2020,"b""RT @Menybah2: @Demola09 @SaharaReporters @NigeriaGov @MBuhari Bro .. They said the gwagwalada  hospital wasn't okay for his standard...  We\\u2026""",en,
Sat Apr 18 07:16:25 +0000 2020,"b""RT @subarnac: Day 4 of being bed bound. I mean totally. Myalgia, lethargy and zero appetite. Too bad the swab results aren't back yet. Gett\\u2026""",en,
Sat Apr 18 07:16:34 +0000 2020,b'You know what\\u2019s real? The sugar/low carb headache. The first few days are always rough when starting to carb cycle again.',en,
Sat Apr 18 07:16:39 +0000 2020,b'ive has french braids in my hair all day and now i have a headache ffs',en,
Sat Apr 18 07:16:39 +0000 2020,"b'Thank you Teacher Donatus.. if it is to judge matter for pesin headache now, na there we go see you but to perform\\u2026 https://t.co/nwEnB613FP'",en,
Sat Apr 18 07:16:43 +0000 2020,b'My own unspoken hurt today is how Ezinne was laughing at how my efforts to flatten my abdominal curve ended in drun\\u2026 https://t.co/N8YJNAUEGr',en,
Sat Apr 18 07:16:44 +0000 2020,"b'With the shortness of breath, you explained the infinite. https://t.co/JB2DGbru8t'",en,
Sat Apr 18 07:16:47 +0000 2020,b'I have the worst headache right now\\U0001f915',en,
Sat Apr 18 07:16:54 +0000 2020,"b""I could really use some warm tea today... My throat's been sore...""",en,
Sat Apr 18 07:16:54 +0000 2020,b'Pains classified from most severe to least severe.\\n\\n1- Toothache\\n2- Earache\\n3- Headache\\n4- Tummy ache\\n\\nUnfortunately I have all of them.\\U0001f625',en,
Sat Apr 18 07:16:55 +0000 2020,"b'RT @TCG_CrisisRisks: A pattern is emerging among COVID-19 patients arriving at hospitals in New York: Beyond fever, cough and shortness of\\u2026'",en,
Sat Apr 18 07:16:56 +0000 2020,"b'tutto quello che ho mangiato da settembre ad oggi ormai mi fa male, ho la nausea ogni volta che vedo baguette,noodl\\u2026 https://t.co/Bsf8K67KCC'",it,
Sat Apr 18 07:17:00 +0000 2020,b'I\\u2019ve had the fattest headache for hours. I\\u2019m so irritated w everybody &amp; ugh',en,
Sat Apr 18 07:17:01 +0000 2020,b'RT @vminwbk: i got too hyped up and now my headache is starting to come back lol',en,
Sat Apr 18 07:17:07 +0000 2020,b'RT @BashOribi: @BIG_joints @Qrisy_Qrisy Thats a lie.....i have done some tremendous projects around and trust me clients are another headac\\u2026',en,
Sat Apr 18 07:17:10 +0000 2020,b'Headache',et,
Sat Apr 18 07:17:10 +0000 2020,b'Finished The Devil next door.\\n\\nI enjoyed it but what an headache.',en,
Sat Apr 18 07:17:11 +0000 2020,"b'Whenever I have a heavy headache, Hikaru Utada usually uses a human impulse motion switch in order to attack my bod\\u2026 https://t.co/yQBkDlSJhs'",en,
Sat Apr 18 07:17:12 +0000 2020,b'@honeyliix HEIW YES \\U0001f480\\U0001f480 GOD I MEAN DESPITE THE HEADACHE ITS WORTH IT',en,
Sat Apr 18 07:17:13 +0000 2020,b'i spent my entire day going dumdurumdumdum and that was great my headache almost stopped but now im crying and its back',en,
Sat Apr 18 07:17:15 +0000 2020,"b'When I visit a hospital for headache, I tell it all, even what I ate and how I ate it prior to the headache, just I\\u2026 https://t.co/2Zn4AZzoVQ'",en,
Sat Apr 18 07:17:17 +0000 2020,"b'RT @IssamAhmed: A pattern is emerging among COVID-19 patients arriving at hospitals in New York: Beyond fever, cough and shortness of breat\\u2026'",en,
Sat Apr 18 07:17:22 +0000 2020,b'Lmaoooo gave myself a headache screaming for cypher pt 3',en,
Sat Apr 18 07:17:22 +0000 2020,b'Very much enjoyed Thee we Emperor\\u2019s New Groove \\U0001f44d\\U0001f3fb\\nUnfortunately I still have my headache though so it may be time for yet more sleep',en,
Sat Apr 18 07:17:24 +0000 2020,"b'@gemmahep I think I had a mild version...sore throat followed a week later by very blocked nose, loss of taste and\\u2026 https://t.co/PbuHbqhop6'",en,
Sat Apr 18 07:17:29 +0000 2020,"b""@archivistjsims [He leans into Jon's touch, and after a bit his headache starts fading]\\n\\n...Hey""",en,
Sat Apr 18 07:17:34 +0000 2020,b'@Serendip_jmn NO HEADACHE HERE',en,
Sat Apr 18 07:17:41 +0000 2020,"b""@JaneFae I don't drink. I don't have any moral issues around it - I simply find the flavor and smell of alcohol to\\u2026 https://t.co/Ftf8NUcoEQ""",en,
Sat Apr 18 07:17:41 +0000 2020,b'@x_Dloading Actually 239 and i dont gotta deal with the headache tomorrow morning im good',en,
Sat Apr 18 07:17:41 +0000 2020,b'I wonder where this lil headache come from',en,
Sat Apr 18 07:17:47 +0000 2020,b'ive had a headache for the past 15 mins uh',en,
Sat Apr 18 07:17:48 +0000 2020,b'@BashOribi @Qrisy_Qrisy \\U0001f602 \\U0001f602 how are the clients a headache?!',en,
Sat Apr 18 07:17:56 +0000 2020,b'RT @cremechic11: My own unspoken hurt today is how Ezinne was laughing at how my efforts to flatten my abdominal curve ended in drunkenness\\u2026',en,
Sat Apr 18 07:17:57 +0000 2020,b'@Nkololotz @castobarym @TumainiMakole @gambunakoya Either one or in combination to deal with the virus and alleviat\\u2026 https://t.co/vVUVfxtMhM',en,
Sat Apr 18 07:18:02 +0000 2020,b'@oppaigoddess_ @_dieko_ Headache https://t.co/9YG7M6sU3g',et,
Sat Apr 18 07:18:05 +0000 2020,b'RT @jackgilinsky: i\\u2019m sorry you have a headache \\U0001f915 feel better',en,
Sat Apr 18 07:18:08 +0000 2020,"b'Today has been weird...\\n\\nThis morning: headache. Took imitrex, went away.\\n8pm: I\\u2019m freezing, enough that I turned t\\u2026 https://t.co/LgJQGcm2jk'",en,
Sat Apr 18 07:18:10 +0000 2020,"b'@OlePundit \\U0001f602\\U0001f602\\U0001f602 Si mfunny, si mrembo aagh, headache tupu!!'",und,
Sat Apr 18 07:18:15 +0000 2020,b'I have had suuuuuch an almost constant headache the past few days. And I know it\\u2019s cos my sleep schedule and eating\\u2026 https://t.co/DNeUoAJ28M',en,
Sat Apr 18 07:18:17 +0000 2020,"b""@Inevitable_ET Well, I'm pleased you asked. I didn't get the memo either but it is now known as Covid19. Also, a co\\u2026 https://t.co/uLc46viwwH""",en,
Sat Apr 18 07:18:20 +0000 2020,b'my favorite part of quarantine is getting a headache every night from staring at so many screens for 12 hours straight.',en,
Sat Apr 18 07:18:24 +0000 2020,b'Headache from the lack of food &amp; sleep today \\U0001f62d',en,
Sat Apr 18 07:18:26 +0000 2020,b'Heat and body really not working well now..nausea jadinye...',en,
Sat Apr 18 07:18:32 +0000 2020,b'Yhooo tf does this headache come from \\U0001f62d\\U0001f915',en,
Sat Apr 18 07:18:32 +0000 2020,b'Headache come for my life',en,
Sat Apr 18 07:18:32 +0000 2020,"b'RT @IlReverendo71: La #App #Immuni funziona cos\\xec: ti fanno vedere una foto di #Salvini, se avverti un leggero senso di nausea significa che\\u2026'",it,
Sat Apr 18 07:18:33 +0000 2020,b'Mereko toh headache go raha hai',et,
Sat Apr 18 07:18:41 +0000 2020,b'Nausea',en,
Sat Apr 18 07:18:45 +0000 2020,b'RT @smasood801: The best way to prevent illness is to avoid being exposed to this virus.Between people who are in close contact with one an\\u2026',en,
Sat Apr 18 07:18:47 +0000 2020,b'This isn\\u2019t gonna heplo my headache',en,
Sat Apr 18 07:18:49 +0000 2020,"b'@PromisesRust @JanowskiKris @bopanc So, it\\u2019s a coincidence that every new respiratory virus comes from southern China?'",en,
Sat Apr 18 07:18:49 +0000 2020,b'meanwhile me: drink the alcohol with a small cute glass already give me a headache. *my body kennot handle it*',en,
Sat Apr 18 07:18:50 +0000 2020,b'nausea',en,
Sat Apr 18 07:18:52 +0000 2020,"b""i've been up all night watching bangbangcon and screaming amd my throat is sore but idc. i would do ANYTHIMG FOR THESE MEN""",en,
Sat Apr 18 07:18:54 +0000 2020,b'Mereko toh headache ho raha hai',hi,
Sat Apr 18 07:19:03 +0000 2020,b'@reformedmuzza Nice wine headache today \\U0001f915',en,
Sat Apr 18 07:19:06 +0000 2020,"b""RT @Wildflower893: I woke up feeling the same chest pain and the constant headache I do feel...and I can't take any more drugs\\U0001f629. I have bee\\u2026""",en,
Sat Apr 18 07:19:10 +0000 2020,b'@nicococolatto @chuwwwua @gau7ier Pleathe too much salt jsnt good its gon get u dehydration bc salt absorb water A\\u2026 https://t.co/GnAYds4bTW',en,
Sat Apr 18 07:19:11 +0000 2020,"b""Little update - I've been dealing with crazy nausea on a regular basis, not sure why, seeing a doctor soon but bear\\u2026 https://t.co/C1MOflHpWg""",en,
Sat Apr 18 07:19:20 +0000 2020,"b'RT @mmaher70: Daughter doing tills and online shopping for #sainsburys has gone down with #coronavirusuk \\nLoss of taste, extreme fatigue, h\\u2026'",en,
Sat Apr 18 07:19:30 +0000 2020,b'Headache on 1000',en,
Sat Apr 18 07:19:32 +0000 2020,b'WHEN U MISS BAEPSAE CAUSE UR TAKING CSRE OF UR HEADACHE',en,
Sat Apr 18 07:19:34 +0000 2020,b'RT @timesofindia: #CoronavirusOutbreak: Tales of two #Covid19 survivors\\n\\nWhat began as a sore throat and a dry cough ended in long stays in\\u2026',en,
Sat Apr 18 07:19:38 +0000 2020,"b'RT @DeepLeffen: No johns, but I didn\\u2019t fucking lose. 1. I had a horrible headache the entire set. 2. I didn\\u2019t even watch the last match. 3.\\u2026'",en,
Sat Apr 18 07:19:40 +0000 2020,"b""baepsae came on and my headache disappeared\\n\\nhip thrusts really healing armys' out here""",en,
Sat Apr 18 07:19:41 +0000 2020,b'@MEFoggyDog Suspected #Covid_19 Day 29 has totally floored me.  \\n\\nIt is hard to now know what is the viral load &amp; w\\u2026 https://t.co/e1R5jDFrsD',en,
Sat Apr 18 07:19:43 +0000 2020,"b""Great, my hands are wet as if I just wrestled an octopus. \\nCoffee and hyperhydrosis don't match well, but ... a hea\\u2026 https://t.co/YKMn1Q2Oiz""",en,
Sat Apr 18 07:19:47 +0000 2020,b'\\U0001f602\\U0001f602\\U0001f602\\U0001f602\\U0001f602\\U0001f602',und,
Sat Apr 18 07:19:53 +0000 2020,b'Most people infected with #COVID-19 virus experience respiratory illness #Older people with  medical issues  like\\u2026 https://t.co/atdQ8WvGni',en,
Sat Apr 18 07:20:01 +0000 2020,b'@AyesHavit @EdJuarez12 @RepSwalwell @weijia Maybe it\\u2019s because you lack the brain cells required to grasp basic con\\u2026 https://t.co/52ts3OmUMb',en,
Sat Apr 18 07:20:04 +0000 2020,b'I can most definitely be your headache',en,
Sat Apr 18 07:20:05 +0000 2020,b'ok kwis sleep kwis have headache https://t.co/N5wb9PFTuT',nl,
Sat Apr 18 07:20:07 +0000 2020,b'this sore throat better be my strep throat coming back for a third time \\U0001f643\\U0001f643\\U0001f643\\U0001f643\\U0001f643\\U0001f643\\U0001f643\\U0001f643\\U0001f643\\U0001f643\\U0001f643\\U0001f643\\U0001f643\\U0001f643\\U0001f643\\U0001f643\\U0001f643\\U0001f643\\U0001f643\\U0001f643\\U0001f643\\U0001f643\\U0001f643\\U0001f643\\U0001f643\\U0001f643\\U0001f643\\U0001f643\\U0001f643\\U0001f643\\U0001f643',en,
Sat Apr 18 07:20:08 +0000 2020,b'i have a headache https://t.co/T7Iy6ZhRv9',en,
Sat Apr 18 07:20:09 +0000 2020,b'to all my nurse friends does wearing the ffp3 give you sore throat?',en,
Sat Apr 18 07:20:12 +0000 2020,b'Headache and body recovering in pain! \\U0001f616\\U0001f623',en,
Sat Apr 18 07:20:15 +0000 2020,"b""RT @sfoffs: w: love walk\\nxiaojun: It's not love walk, it's love talk *headache* I think you're a new fan\\nten: omg is it love talk, not body\\u2026""",en,
Sat Apr 18 07:20:20 +0000 2020,b'Pattonville Fire Protection District is currently responding to an emergency incident for a(n) 18 Headache QD.',en,
Sat Apr 18 07:20:21 +0000 2020,b'Pattonville Fire Protection District is currently responding to an emergency incident for a(n) 18C4 Headache Sudden Onset.',en,
Sat Apr 18 07:20:21 +0000 2020,"b""RT @dusk_winter: baepsae came on and my headache disappeared\\n\\nhip thrusts really healing armys' out here""",en,
Sat Apr 18 07:20:21 +0000 2020,b'Migraine\\u2019s gotta be them Super Saiyan headache\\u2019s I get them once in a blew but it literally feels so unbearable',en,
Sat Apr 18 07:20:27 +0000 2020,"b""the brain worms are revolting and attacking it's headache time""",en,
Sat Apr 18 07:20:31 +0000 2020,b'RT @bashlima: Results of throwing around this emoji \\U0001f930\\U0001f3ff',en,
Sat Apr 18 07:20:36 +0000 2020,b'Morning with headache\\U0001f641\\U0001f634',en,
Sat Apr 18 07:20:39 +0000 2020,b'@3dtoga \\U0001f62d\\U0001f62d when I tell you the kind of headache I had ehn. But God be the glory I was able to finish the art',en,
Sat Apr 18 07:20:39 +0000 2020,"b'YES! This is what I have been telling people, and they think I am just being a ""PC elitist"" but it actually hurts m\\u2026 https://t.co/Pkkrj9qSc3'",en,
Sat Apr 18 07:20:40 +0000 2020,b'I\\u2019m having a horrible headache rn\\U0001f629',en,
Sat Apr 18 07:20:40 +0000 2020,b'Only I would wake up with a headache. How dumb is that?',en,
Sat Apr 18 07:20:41 +0000 2020,"b""We've never made a successful vaccine for a coronavirus before.\\nCoronaviruses have historically been hard to make s\\u2026 https://t.co/onZ6vmFMnh""",en,
Sat Apr 18 07:20:42 +0000 2020,b'im going to sleep i have a headache',en,
Sat Apr 18 07:20:45 +0000 2020,"b'RT @mmaher70: Daughter doing tills and online shopping for #sainsburys has gone down with #coronavirusuk \\nLoss of taste, extreme fatigue, h\\u2026'",en,
Sat Apr 18 07:20:47 +0000 2020,b'just ignore that dehydration headache',en,
Sat Apr 18 07:20:49 +0000 2020,b'headache',et,
Sat Apr 18 07:20:50 +0000 2020,"b'@GovNedLamont Surgical masks &amp; n95 resp are what we need. Surgical are good for 2 hours, n95 have respirators. what\\u2026 https://t.co/rSdc7sD0xu'",en,
Sat Apr 18 07:20:51 +0000 2020,"b'RT @DeepLeffen: No johns, but I didn\\u2019t fucking lose. 1. I had a horrible headache the entire set. 2. I didn\\u2019t even watch the last match. 3.\\u2026'",en,
Sat Apr 18 07:20:52 +0000 2020,"b'RT @KVNG_NILLA: Lmao showing sympathy for politicians who didn\\u2019t make available good healthcare systems for you and me, people who left the\\u2026'",en,
Sat Apr 18 07:21:01 +0000 2020,"b""RT @southasianfm: It's not easy making a movie. Besides creative blocks, funding blocks are a major headache. With SAFM, you can get rid of\\u2026""",en,
Sat Apr 18 07:21:03 +0000 2020,b'headache',et,
Sat Apr 18 07:21:04 +0000 2020,b'i have a headache for some gd reason Just when i finally get to a reading mood. tylenol not working as well as it s\\u2026 https://t.co/9Ty1TOvGlO',en,
Sat Apr 18 07:21:09 +0000 2020,"b'RT @DeepLeffen: No johns, but I didn\\u2019t fucking lose. 1. I had a horrible headache the entire set. 2. I didn\\u2019t even watch the last match. 3.\\u2026'",en,
Sat Apr 18 07:21:09 +0000 2020,"b""RT @dusk_winter: baepsae came on and my headache disappeared\\n\\nhip thrusts really healing armys' out here""",en,
Sat Apr 18 07:21:10 +0000 2020,b'@BramtyJuliette I\\u2019m having a horrible headache rn\\U0001f629',en,
Sat Apr 18 07:21:18 +0000 2020,b'UPDATE I HAVE A WHOLE HEADACHE FROM THIS IM ?',en,
Sat Apr 18 07:21:18 +0000 2020,"b'@RozzaCampos Ain\\u2019t this the truth !!! \\n\\nI have regressed, get drunk off 2 glasses of wine &amp; waking up with a massive headache each time \\U0001f633\\U0001f923'",en,
Sat Apr 18 07:21:19 +0000 2020,b'I have the worst headache and I\\u2019m beyond tired....but somehow I\\u2019m up?!?  \\n\\nI hate it here!',en,
Sat Apr 18 07:21:20 +0000 2020,b'An Ambulance took my husband to\\nWaxahachie Hospital... He had shortness of breath......',en,
Sat Apr 18 07:21:20 +0000 2020,b'*Using phone for 2 hours \\nHeadache: Heyy! Did you miss me?\\n\\U0001f486',en,
Sat Apr 18 07:21:24 +0000 2020,b'RT @ChrisCuomo: Stories like your\\u2019s abound. Hopefully you will get tested for antibodies and we will see how long covid has been here',en,
Sat Apr 18 07:21:27 +0000 2020,b'RT @cremechic11: My own unspoken hurt today is how Ezinne was laughing at how my efforts to flatten my abdominal curve ended in drunkenness\\u2026',en,
Sat Apr 18 07:21:28 +0000 2020,b'RT @smoralesconde: Conclusions of the webinar of @aecirujanos about laparoscopy and #covid19: 1- no evidence for contraindication for lapar\\u2026',en,
Sat Apr 18 07:21:29 +0000 2020,"b'@GarShehu Build hospital they said NO, build school they said NO, train doctor, they said no. You see now, the time\\u2026 https://t.co/q10adqyoN7'",en,
Sat Apr 18 07:21:37 +0000 2020,"b'RT @mehreenzahra: A pattern is emerging in #covid19 patients in New York: Beyond fever, cough &amp; shortness of breath, some are deeply disori\\u2026'",en,
Sat Apr 18 07:21:48 +0000 2020,b'RT @Reythecancerous: When i see a cute guy then suddenly i start feeling pregnancy nausea https://t.co/nkZuDJlfXX',en,
Sat Apr 18 07:21:51 +0000 2020,b'@lubnajoon Exactly. I\\u2019m getting a damn headache. I just want to see the routine without getting a headache.',en,
Sat Apr 18 07:21:54 +0000 2020,b'Per\\xf2 io ho nausea e dolori impossibili alla pancia e brividi per il corpo da tre giorni can I fucking feel better?',it,
Sat Apr 18 07:22:06 +0000 2020,"b'@safeshadows Good morning, love, the headache is still here, but the good thing is that the sun is here too. So I e\\u2026 https://t.co/uObSKbY4Yv'",en,
Sat Apr 18 07:22:07 +0000 2020,b'@WellinghoffAj @Morglinebling @Sukkafish99 @hannahwilly28 @PlayoffNugs @chrisreed_kingd Don\\u2019t argue with them Morga\\u2026 https://t.co/ffN5HpXhN5',en,
Sat Apr 18 07:22:13 +0000 2020,"b""RT @southasianfm: It's not easy making a movie. Besides creative blocks, funding blocks are a major headache. With SAFM, you can get rid of\\u2026""",en,
Sat Apr 18 07:22:17 +0000 2020,b'@noplaceforsheep So ..... No one has the definitive answer ...... Yet . \\nThis is giving me a headache that only a w\\u2026 https://t.co/mqjPqy82RF',en,
Sat Apr 18 07:22:17 +0000 2020,b'I have a fat ass headAche that will not go tf away',en,
Sat Apr 18 07:22:22 +0000 2020,b'I have a headache \\U0001f629',en,
Sat Apr 18 07:22:23 +0000 2020,"b""And here's evidence of widespread vascular damage in adults:\\nhttps://t.co/BHfjU63HH7""",en,
Sat Apr 18 07:22:24 +0000 2020,b'@peachyprettae headache',et,
Sat Apr 18 07:22:25 +0000 2020,b'Kelechi\\u2019s said they\\u2019re giving him headache https://t.co/4xA4DKMYyb',en,
Sat Apr 18 07:22:26 +0000 2020,"b""@ChiamonwuJoy I'm supposed to be an artist. I love art, I can draw, but detailing like this, the proportions, Madoo\\u2026 https://t.co/7nLQWdIfdH""",en,
Sat Apr 18 07:22:30 +0000 2020,"b'@carloalberto @Corriere Non so se provo pi\\xf9 imbarazzo, nausea o tristezza. Come \\xe8 stato possibile arrivare a questo\\u2026 https://t.co/GwNMm5S9Ix'",it,
Sat Apr 18 07:22:31 +0000 2020,"b'RT @mmaher70: Daughter doing tills and online shopping for #sainsburys has gone down with #coronavirusuk \\nLoss of taste, extreme fatigue, h\\u2026'",en,
Sat Apr 18 07:22:34 +0000 2020,b'I got headache on every episode',en,
Sat Apr 18 07:22:35 +0000 2020,b'@ClubPoland Lol I do love their music too. I spent an hour last night singing along to Debbie Gibson videos on YouT\\u2026 https://t.co/6kZ4fPsbRB',en,
Sat Apr 18 07:22:35 +0000 2020,b'Currently pondering whether to ride it out and hope a picky face ache that will almost certainly turn into a migrai\\u2026 https://t.co/gUXo7jLhm8',en,
Sat Apr 18 07:22:38 +0000 2020,"b'I am barely realizing I didn\\u2019t eat all day, no wonder I have a phat headache rn\\U0001f643\\U0001f643'",en,
Sat Apr 18 07:22:43 +0000 2020,b'i KNOW they woke up w a sore throat from all tha growling \\U0001f62d\\U0001f62d',en,
Sat Apr 18 07:22:46 +0000 2020,b'Yeses this headache is killing me',en,
Sat Apr 18 07:22:48 +0000 2020,"b'RT @DeepLeffen: No johns, but I didn\\u2019t fucking lose. 1. I had a horrible headache the entire set. 2. I didn\\u2019t even watch the last match. 3.\\u2026'",en,
Sat Apr 18 07:22:48 +0000 2020,"b'RT @jbmiii11: Kawawang bata , Di na makapag ayos nag sarili! Sana bukas okay na ako \\U0001f613\\U0001f912\\n\\n#Dugyot #Headache https://t.co/WhH3HiLdgD'",tl,
Sat Apr 18 07:22:50 +0000 2020,b'If I don\\u2019t tweet for a while it\\u2019s bc I\\u2019m trying not to look at the screen for too long that might be what\\u2019s causing\\u2026 https://t.co/gAuuWp4sWg',en,
Sat Apr 18 07:22:54 +0000 2020,b'i have a headache',en,
Sat Apr 18 07:22:54 +0000 2020,b'RT @Braingetter: Weed gives me panic attacks. Coke gives me a headache. Jenkem tastes like shit to me. Starting to think drugs just aren\\u2019t\\u2026',en,
Sat Apr 18 07:22:58 +0000 2020,"b""RT @DrLindaMD: Is anyone else seeing itchy gums as a symptom of #COVID19? I've had a few patients tell me this now. Many with itchy/sore th\\u2026""",en,
Sat Apr 18 07:23:00 +0000 2020,b'@BramtyJuliette Yess i had a headache earlier',en,
Sat Apr 18 07:23:06 +0000 2020,b'Kinda hit my head on my shelf so I feel a little headache coming be on more tomorrow',en,
Sat Apr 18 07:23:07 +0000 2020,b'@janniferthuyle The headache in the morning tho \\U0001f974\\U0001f927',en,
Sat Apr 18 07:23:11 +0000 2020,"b""@aliyous12 @MakataAnthony @MobilePunch Hadn't been they have done the needful to the health and other sectors, had\\u2026 https://t.co/WifKN5Ntaz""",en,
Sat Apr 18 07:23:15 +0000 2020,b'Hobi\\u2019s tongue gives me headache... #BANGBANGCON',en,
Sat Apr 18 07:23:20 +0000 2020,"b'RT @nicd_sa: Symptoms of #COVID19 include fever, coughing, and shortness of breath. If you believe there\\u2019s a chance you may be infected, ca\\u2026'",en,
Sat Apr 18 07:23:21 +0000 2020,b'RT @pinku_tai: \\u0e40\\u0e2b\\u0e47\\u0e19\\u0e41\\u0e25\\u0e49\\u0e27\\u0e2d\\u0e22\\u0e32\\u0e01\\u0e25\\u0e14\\u0e02\\u0e19\\u0e32\\u0e14\\u0e44\\u0e0b\\u0e2a\\u0e4c\\u0e15\\u0e31\\u0e27\\u0e40\\u0e2d\\u0e07\\u0e08\\u0e38\\u0e07 \\u0e0b\\u0e39\\u0e1a\\u0e34\\u0e19\\u0e22\\u0e31\\u0e07\\u0e1c\\u0e2d\\u0e21\\u0e44\\u0e14\\u0e49\\u0e40\\u0e25\\u0e22\\u0e17\\u0e33\\u0e44\\u0e21\\u0e40\\u0e23\\u0e32\\u0e08\\u0e30\\u0e17\\u0e33\\u0e44\\u0e21\\u0e48\\u0e44\\u0e14\\u0e49 \\u0e2e\\u0e36\\u0e1a\\u0e46 \\U0001f495\\n\\nCredit : dyspnea https://t.co/le9S633VN1',th,
Sat Apr 18 07:23:27 +0000 2020,"b'@LeiMwiya Please, one less headache. It was tiring\\U0001f630'",en,
Sat Apr 18 07:23:31 +0000 2020,b'i have had a headache all day who hexed me',en,
Sat Apr 18 07:23:38 +0000 2020,b'Terminalia chebula\\xa0or Alalekhaayi or Haritaki is the imp ingradient of Triphala. It is useful for the treatment of\\u2026 https://t.co/3Fl3m9RfoA',en,
Sat Apr 18 07:23:47 +0000 2020,b'For no apparent reason my stomach rly hurts. I need to sleep but that and my sore throat is making me nervous to try to sleep',en,
Sat Apr 18 07:23:49 +0000 2020,b'This headache ain\\u2019t it!!!! I\\u2019m glad I\\u2019m omw home',en,
Sat Apr 18 07:23:50 +0000 2020,b'girl their throat gotta be sore as hell',en,
Sat Apr 18 07:23:54 +0000 2020,b'im starting to get a headache\\U0001f62d',en,
Sat Apr 18 07:23:57 +0000 2020,b'y\\u2019all i got a fat ass headache',en,
Sat Apr 18 07:23:59 +0000 2020,"b'RT @KatiaSanchz: Now that I am recovering from Covid-19, I want to share my symptoms/ experience for others frantically googling right now\\u2026'",en,
Sat Apr 18 07:23:59 +0000 2020,"b""@HFWOdisha Good news. Don't open lockdown in odisha or else infection will spread in a rapid manner and more cases\\u2026 https://t.co/TgRelEVrlu""",en,
Sat Apr 18 07:24:08 +0000 2020,b'Asymptomatic.',en,
Sat Apr 18 07:24:11 +0000 2020,"b'@SenzoTeoh But to me, too much beer only give me headache \\U0001f644'",en,
Sat Apr 18 07:24:12 +0000 2020,"b'RT @IssamAhmed: A pattern is emerging among COVID-19 patients arriving at hospitals in New York: Beyond fever, cough and shortness of breat\\u2026'",en,
Sat Apr 18 07:24:14 +0000 2020,b'Wait do u hv like a family that has hypertension or sumn bc usually ppl that got headache the moment they gulped sa\\u2026 https://t.co/GxasT9790g',en,
Sat Apr 18 07:24:15 +0000 2020,b'Headache finally gone \\U0001f64f\\U0001f3fe',en,
Sat Apr 18 07:24:15 +0000 2020,"b""RT @southasianfm: It's not easy making a movie. Besides creative blocks, funding blocks are a major headache. With SAFM, you can get rid of\\u2026""",en,
Sat Apr 18 07:24:18 +0000 2020,"b'RT @DeepLeffen: No johns, but I didn\\u2019t fucking lose. 1. I had a horrible headache the entire set. 2. I didn\\u2019t even watch the last match. 3.\\u2026'",en,
Sat Apr 18 07:24:20 +0000 2020,b'i jeed to go to bed like rn instead... watching headache relief asmr bc migraines have me fucked up \\U0001f494',en,
Sat Apr 18 07:24:22 +0000 2020,b'Had a bit of a sensitive/sore throat all morning\\n\\nMust be the rona',en,
Sat Apr 18 07:24:28 +0000 2020,b'@OpiningCourt @TashaHeadrick @PattyArquette It\\u2019s because people had influenza or any other respiratory virus and co\\u2026 https://t.co/z9iRNC4f5d',en,
Sat Apr 18 07:24:31 +0000 2020,"b'i HAVE BEEN ON MY PHONE, LAPTOP AND TV AND IM GETTING A HEADACHE'",en,
Sat Apr 18 07:24:33 +0000 2020,b'RT @rogertansey: Trump supporters. \\n\\nYelling and screaming during a global pandemic of a deadly respiratory virus that is spread . . . by y\\u2026',en,
Sat Apr 18 07:24:35 +0000 2020,b'headache \\U0001f915',et,
Sat Apr 18 07:24:40 +0000 2020,"b'RT @DrZoeHyde: Very important study, showing ""presence of viral elements within endothelial cells ... with evidence of endothelial and infl\\u2026'",en,
Sat Apr 18 07:24:48 +0000 2020,b'@thehill This is the stupidest thing I read today! It caused her weakness and nausea!! It\\u2019s the fuckin virus that c\\u2026 https://t.co/AffxEwgbDE',en,
Sat Apr 18 07:24:51 +0000 2020,b'RT @cremechic11: My own unspoken hurt today is how Ezinne was laughing at how my efforts to flatten my abdominal curve ended in drunkenness\\u2026',en,
Sat Apr 18 07:24:55 +0000 2020,b'I\\u2019m sleeping after no more dream dance break. The headache I feel.',en,
Sat Apr 18 07:24:59 +0000 2020,"b'RT @amerix: The chapati you ate today:\\n\\n- Highly REFINED wheat flour,\\n\\n- Added table SUGAR.\\n\\n- Doughed and cooked with TRANS-FATS.\\n\\nYou enj\\u2026'",en,
Sat Apr 18 07:25:01 +0000 2020,"b'kah3 kena tahan polis sbb x ikut pkp fasa 3. pagi2 pg jogging. lps kena cekup, dtg symptom nausea n vomiting \\U0001f60c'",in,
Sat Apr 18 07:25:02 +0000 2020,b'RT @DCristal23: Un podemita alabando hasta la nausea a la dictadura chavista de Maduro. Pasadlo antes de que la banda de la Gestapo de los\\u2026',es,
Sat Apr 18 07:25:03 +0000 2020,b'Is it normal to wake up every morning with a raging headache \\U0001f974\\U0001f630',en,
Sat Apr 18 07:25:03 +0000 2020,b'This headache feel like a damn hangover',en,
Sat Apr 18 07:25:12 +0000 2020,"b""Can #COVID19 be spread through coins &amp; banknotes? \\n\\n'There is currently no evidence 2 confirm or disprove that\\u2026 https://t.co/R3RZIZRzmY""",en,
Sat Apr 18 07:25:17 +0000 2020,"b'RT @mmaher70: Daughter doing tills and online shopping for #sainsburys has gone down with #coronavirusuk \\nLoss of taste, extreme fatigue, h\\u2026'",en,
Sat Apr 18 07:25:20 +0000 2020,b'im up at 3am with a headache for a concert ive already watched like 6 times',en,
Sat Apr 18 07:25:24 +0000 2020,b'Buy 2 bro.',en,
Sat Apr 18 07:25:28 +0000 2020,"b'good morning i woke up with a headache and cough, pray for me'",en,
Sat Apr 18 07:25:29 +0000 2020,b'headache \\U0001f614\\U0001f614\\U0001f614',et,
Sat Apr 18 07:25:30 +0000 2020,b'The background that gave me a fucken headache \\U0001f602 https://t.co/hxmTgd8iDy',en,
Sat Apr 18 07:25:32 +0000 2020,b'I cannot shake this headache man \\U0001f62d',en,
Sat Apr 18 07:25:33 +0000 2020,b'ok. i\\u2019m gonna chill out before my headache comes back in full force and i have to turn off the live bc noise will only makes it worse :((',en,
Sat Apr 18 07:25:34 +0000 2020,b'@simplypjms idk i have a headache',en,
Sat Apr 18 07:25:36 +0000 2020,"b'RT @IssamAhmed: A pattern is emerging among COVID-19 patients arriving at hospitals in New York: Beyond fever, cough and shortness of breat\\u2026'",en,
Sat Apr 18 07:25:37 +0000 2020,"b""@Carnivius Nope. Hangovers make you feel like you're dying! \\n\\nSorry about your headache though hope you feel better later \\U0001f60a""",en,
Sat Apr 18 07:25:39 +0000 2020,b'Gonna sleep\\nFuck Crying you gimme headache',en,
Sat Apr 18 07:25:39 +0000 2020,b'this headache &lt;&lt;',en,
Sat Apr 18 07:25:39 +0000 2020,b'dope is giving my eyes a headache',en,
Sat Apr 18 07:25:43 +0000 2020,"b'My heart literally hurts. There weren\\u2019t enough hugs given, not enough laughter heard, not enough smiles seen. I wil\\u2026 https://t.co/JNmpkiAxWr'",en,
Sat Apr 18 07:25:48 +0000 2020,"b'""...They are victims of their own bad governance.""\\n\\nHopefully, (hope its not audio hope sha) this pandemic will cau\\u2026 https://t.co/Wu7W5VfLRl'",en,
Sat Apr 18 07:25:51 +0000 2020,b'talking about makeups w my bb is a headache https://t.co/kKSNSfOyg0',en,
Sat Apr 18 07:25:53 +0000 2020,"b""What's all this about?""",en,
Sat Apr 18 07:25:54 +0000 2020,b'woke up with a massive headache \\U0001f63f i\\u2019m fine.. i\\u2019m fine \\U0001f62d https://t.co/LOhPb7Ovmr',en,
Sat Apr 18 07:25:58 +0000 2020,b'they\\u2019re giving me a headache they\\u2019re sick',en,
Sat Apr 18 07:25:59 +0000 2020,"b'RT @Ruby_la_Rouge: So sorry for the late start everyone, but I am live now on @WatchMixer https://t.co/2vHqe1Kk65 playing some Resident Evi\\u2026'",en,
Sat Apr 18 07:26:00 +0000 2020,b'@TINYYOOMFIE TIRED AND DELUSIONAL WITH A HEADACHE BUT ALSO HYPE ASF',en,
Sat Apr 18 07:25:57 +0000 2020,"b'RT @HaikvlKamal: i asked for head , but she gave me headache\\U0001f62b\\U0001f91a'",en,
Sat Apr 18 07:26:04 +0000 2020,b'i feel so sad closing my laptop on them but i have a headache and i\\u2019m tired i\\u2019m sorry tannies',en,
Sat Apr 18 07:26:04 +0000 2020,b'This headache is giving me a hard time \\U0001f926',en,
Sat Apr 18 07:26:05 +0000 2020,"b""RT @MrsRogue76: Day 5 of the new job and I've had a pounding headache all-day""",en,
Sat Apr 18 07:26:13 +0000 2020,b'The fallacy of knitwear indicates an unsettling feeling of nausea',en,
Sat Apr 18 07:26:14 +0000 2020,"b'RT @Ruby_la_Rouge: So sorry for the late start everyone, but I am live now on @WatchMixer https://t.co/2vHqe1Kk65 playing some Resident Evi\\u2026'",en,
Sat Apr 18 07:26:18 +0000 2020,b'Y\\u2019all I have a headache',en,
Sat Apr 18 07:26:18 +0000 2020,"b'I feel a kind of peak nausea\\nlike an existential black hole\\nso, time for a toke'",en,
Sat Apr 18 07:26:21 +0000 2020,b'the amount of people I curved/friendzoned  two years ago in my first year of college has me laughin like what did t\\u2026 https://t.co/GEtLsBPs29',en,
Sat Apr 18 07:26:22 +0000 2020,b'i took a nap earlier.. because of a headache.',en,
Sat Apr 18 07:26:29 +0000 2020,b'i have a headache from screaming.... #BANGBANGCON',en,
Sat Apr 18 07:26:30 +0000 2020,b'i have a headache i hate myself',en,
Sat Apr 18 07:26:31 +0000 2020,b'@MFarrougia Same :(. But ranked games are too bad rn. I legit have a headache lol',en,
Sat Apr 18 07:26:40 +0000 2020,b'OKAY IM LITRALLY GETTING A HEADACHE I SHOULD PROBABLY SLEEP https://t.co/1964CleK7q',en,
Sat Apr 18 07:26:46 +0000 2020,b'Fucking headache \\U0001f974',en,
Sat Apr 18 07:26:49 +0000 2020,"b""RT @DrZoeHyde: And here's evidence of widespread vascular damage in adults:\\nhttps://t.co/BHfjU63HH7""",en,
Sat Apr 18 07:26:53 +0000 2020,b'Cose che mangerei a cucchiaiate fino ad esaurimento scorte: mascarpone (formaggio) e panna liquida \\nUnici dolci al\\u2026 https://t.co/k626e7ZhJF',it,
Sat Apr 18 07:26:54 +0000 2020,b'omg is epilogue con ends? i had headache and i slept ;-;',en,
Sat Apr 18 07:26:55 +0000 2020,"b'RT @mmaher70: Daughter doing tills and online shopping for #sainsburys has gone down with #coronavirusuk \\nLoss of taste, extreme fatigue, h\\u2026'",en,
Sat Apr 18 07:26:57 +0000 2020,b'YES IM HAVING FUN I SCREAM FROM MY BED WITH A POUNDING HEADACHE AT 2AM',en,
Sat Apr 18 07:27:01 +0000 2020,b'i can feel a headache coming on i hate it Here',en,
Sat Apr 18 07:27:03 +0000 2020,b'RT @willne: Mia might be a fucking headache but she\\u2019s the best cook I\\u2019ve ever met it all levels out',en,
Sat Apr 18 07:27:05 +0000 2020,b'@cremechic11 Nausea don enter? That curve becoming mountain.',en,
Sat Apr 18 07:27:06 +0000 2020,b'I REALLY RAN OUT OF GAS\\U0001f62d\\U0001f62d\\U0001f62d I HAVE A HUGE FUCKING HEADACHE AND I JUST WANT TO GO HOOOOOOOMEEEEE\\U0001f62d\\U0001f62d\\U0001f62d\\U0001f62d\\U0001f62d\\U0001f62d\\U0001f62d\\U0001f62d\\U0001f62d\\U0001f62d\\U0001f62d\\U0001f62d\\U0001f62d\\U0001f62d\\U0001f62d\\U0001f62d\\U0001f62d\\U0001f62d',en,
Sat Apr 18 07:27:07 +0000 2020,"b'i have a headache, this is what being horny does to u kids'",en,
Sat Apr 18 07:27:11 +0000 2020,b'now i have a headache from crying',en,
Sat Apr 18 07:27:11 +0000 2020,b'Massive headache. \\n\\nKillmenowpls',en,
Sat Apr 18 07:27:12 +0000 2020,b'I have a headache what should I do? Lol \\n#TalkwithMewGulf',en,
Sat Apr 18 07:27:21 +0000 2020,b'not me getting a headache from going hard as hell rn',en,
Sat Apr 18 07:27:26 +0000 2020,b'RT @madi0178: some of y\\u2019all are nothing more than a headache lmao',en,
Sat Apr 18 07:27:31 +0000 2020,b'RT @gazaslim001: sis say pepsi is trash &amp; me ketch instant headache \\U0001f623\\U0001f623',en,
Sat Apr 18 07:27:37 +0000 2020,"b'RT @jbmiii11: Kawawang bata , Di na makapag ayos nag sarili! Sana bukas okay na ako \\U0001f613\\U0001f912\\n\\n#Dugyot #Headache https://t.co/WhH3HiLdgD'",tl,
Sat Apr 18 07:27:37 +0000 2020,"b""okay but honestly i'm getting big tired and my headache is back so mayhaps i should sleep after this concert... but\\u2026 https://t.co/7ikp2GkZfm""",en,
Sat Apr 18 07:27:39 +0000 2020,"b'VR nausea sucks. Tonight is the first time I\\u2019ve had to deal with it, and it ruined what was to be a long night of gaming, unfortunately.'",en,
Sat Apr 18 07:27:39 +0000 2020,b'@cleantechnica Air Pollution and the respective deaths are under appreciated.\\n\\nICE pollution make people respirator\\u2026 https://t.co/e2MOWkczxc',en,
Sat Apr 18 07:27:40 +0000 2020,b'Headache',et,
Sat Apr 18 07:27:41 +0000 2020,b'the amount of people I curved/friendzoned two years ago and in my first year of college has me laughin like what di\\u2026 https://t.co/szXoVEvAFr',en,
Sat Apr 18 07:27:42 +0000 2020,b'F**king morons.',en,
Sat Apr 18 07:27:47 +0000 2020,"b""i badly want to sleep coz headache. but my chaotic mind won't let me \\U0001f611\\U0001f612 help.""",en,
Sat Apr 18 07:27:49 +0000 2020,b'RT @DarylRhysJones: \\U0001f449COVID19 is the name of the disease that the new coronavirus causes (COrona VIrus Disease 2019) \\n\\n\\U0001f449SARS-Cov-2 is the na\\u2026',en,
Sat Apr 18 07:27:50 +0000 2020,b'I think I\\u2019m worth every headache I give a mf\\U0001f642',en,
Sat Apr 18 07:27:52 +0000 2020,"b""im going to bed getting a headache gn party city it's good to have everyone back plus more ^_^ love yall""",en,
Sat Apr 18 07:27:58 +0000 2020,b'RT @ClevelandClinic: 6 doctor-recommended home remedies for sore throat (and two remedies you should avoid) + when you should see a doctor:\\u2026',en,
Sat Apr 18 07:28:05 +0000 2020,b'@RealDreylo God abeg nor let another person lifestyle become my headache \\U0001f915 \\U0001f64f.',en,
Sat Apr 18 07:28:05 +0000 2020,"b""RT @sfoffs: w: love walk\\nxiaojun: It's not love walk, it's love talk *headache* I think you're a new fan\\nten: omg is it love talk, not body\\u2026""",en,
Sat Apr 18 07:28:11 +0000 2020,"b'RT @DeepLeffen: No johns, but I didn\\u2019t fucking lose. 1. I had a horrible headache the entire set. 2. I didn\\u2019t even watch the last match. 3.\\u2026'",en,
Sat Apr 18 07:28:19 +0000 2020,"b'update: when i woke up, my body ended up flushing out the toxins via a watery slash bloody stool and severe nausea. \\U0001f643\\U0001f643\\U0001f643  Sayang effort'",en,
Sat Apr 18 07:28:26 +0000 2020,b'smoked myself into a headache \\U0001f915',en,
Sat Apr 18 07:28:32 +0000 2020,b'awh i see that... r u feeling better now?',en,
Sat Apr 18 07:28:41 +0000 2020,"b'""coronaviruses have historically been hard to make safe vaccines for, partly because the virus infects the upper re\\u2026 https://t.co/PjT6Ihtd7E'",en,
Sat Apr 18 07:28:43 +0000 2020,b'was in highspirit for epilogueconcert\\U0001f60d the concert teaser &amp; bigger venue tho\\n\\nsomehow in the middle of it anti tren\\u2026 https://t.co/JKKhEYRpfu',en,
Sat Apr 18 07:28:45 +0000 2020,b'Guys send you dick pics looking for a reaction. Why feed into that?\\n\\nThere is literally no need to respond. BLOCK t\\u2026 https://t.co/cmauDEsG9A',en,
Sat Apr 18 07:28:48 +0000 2020,"b'After 4.5 hours of streaming of streaming, I\\u2019m tapping out \\U0001f480 I have a headache and keep fallin asleep so gn'",en,
Sat Apr 18 07:28:49 +0000 2020,"b'@ChrisCuomo I got sick in February. 3 weeks. Bizarre exhaustion, no cough but massive gastro issues, nausea, insane\\u2026 https://t.co/p7DvXWkv62'",en,
Sat Apr 18 07:28:53 +0000 2020,"b'@TheSullis Also got a headache. Thinking when do I cook my brekkie . Sausages , bacon, eggs , mushrooms, fried brea\\u2026 https://t.co/hZVn14B5bB'",en,
Sat Apr 18 07:28:54 +0000 2020,b'Shoutout to @bostonmarket for giving me such bad food poisoning that it caused pancreatitis or I would\\u2019ve never had\\u2026 https://t.co/FlD8fXhjtS',en,
Sat Apr 18 07:28:59 +0000 2020,b'I have a massive headache and that\\u2019s what staying up ridiculously late does to you \\U0001f643',en,
Sat Apr 18 07:29:09 +0000 2020,"b""RT @Wildflower893: I woke up feeling the same chest pain and the constant headache I do feel...and I can't take any more drugs\\U0001f629. I have bee\\u2026""",en,
Sat Apr 18 07:29:10 +0000 2020,b'@JennieDaLovely I kinda like when he screams\\nExcept when I have a headache-\\nI still prefer when Albert cuss lmao',en,
Sat Apr 18 07:29:20 +0000 2020,"b""Amma: I have a headache.\\nMe: Hah! Use your phone some more\\U0001f926\\u200d\\u2642\\ufe0f\\n\\nI've been waiting for this day\\U0001f602\\U0001f602""",en,
Sat Apr 18 07:29:23 +0000 2020,b'@TheAgenda_SABC @BlainHerman @DesireeChauke Do I have to be worried when I have scratchy sore throat every morning\\u2026 https://t.co/c8vstrVVdu',en,
Sat Apr 18 07:29:28 +0000 2020,"b'Chronic headache ,The result of my thoughts rot'",en,
Sat Apr 18 07:29:29 +0000 2020,"b""Sam Smith 'definitely had' coronavrius although they haven\\u2019t been tested The 27-year-old singer is convinced they h\\u2026 https://t.co/fNJ3x49jEl""",en,
Sat Apr 18 07:29:29 +0000 2020,"b""RT @Wildflower893: I woke up feeling the same chest pain and the constant headache I do feel...and I can't take any more drugs\\U0001f629. I have bee\\u2026""",en,
Sat Apr 18 07:29:40 +0000 2020,"b""we playing the 'is this headache cuz im hungry or from testing masks' game rn""",en,
Sat Apr 18 07:29:41 +0000 2020,"b""RT @UNEthiopia: Can #COVID19 be spread through coins &amp; banknotes? \\n\\n'There is currently no evidence 2 confirm or disprove that #COVID19 vir\\u2026""",en,
Sat Apr 18 07:29:43 +0000 2020,b'If this fucking headache doesn\\u2019t go away soon i swear to god I\\u2019m going to rip my god damn eyeballs out.',en,
Sat Apr 18 07:29:43 +0000 2020,"b'RT @DrZoeHyde: Very important study, showing ""presence of viral elements within endothelial cells ... with evidence of endothelial and infl\\u2026'",en,
Sat Apr 18 07:29:46 +0000 2020,b'my headache is coming back \\U0001f616\\U0001f616\\U0001f616',en,
Sat Apr 18 07:29:47 +0000 2020,"b""RT @UNEthiopia: Can #COVID19 be spread through coins &amp; banknotes? \\n\\n'There is currently no evidence 2 confirm or disprove that #COVID19 vir\\u2026""",en,
Sat Apr 18 07:29:48 +0000 2020,b'I HATE THE FACT THAT I HAE A HEADACHE #BANGBANGCON',en,
Sat Apr 18 07:29:52 +0000 2020,b'Im paranoid rn with a mean ass headache \\U0001f612',en,
Sat Apr 18 07:29:57 +0000 2020,b'okay i\\u2019m going to sleep .. i got a headache and i had a bloody nose ... i need to REST this is too much',en,
Sat Apr 18 07:30:01 +0000 2020,b'IS TAEHYUNGS THROAT NOT SORE OR SMTH OMFG',en,
Sat Apr 18 07:30:02 +0000 2020,"b""@Tife_fabunmi I can't even breathe well\\U0001f62d\\U0001f62d\\U0001f62d\\nThis man bought my dad 2 countries last year\\nOh my God \\U0001f62d\\U0001f62d\\U0001f62d my kidney is\\u2026 https://t.co/jHcpy2km0b""",en,
Sat Apr 18 07:30:03 +0000 2020,"b'Updates, but it will only give you headache \\U0001f602\\U0001f92a\\n\\U0001f517 https://t.co/3ExZ3Yci0x'",en,
Sat Apr 18 07:30:14 +0000 2020,"b'RT @KVNG_NILLA: Lmao showing sympathy for politicians who didn\\u2019t make available good healthcare systems for you and me, people who left the\\u2026'",en,
Sat Apr 18 07:30:14 +0000 2020,"b'RT @AFP: A pattern is emerging among COVID-19 patients arriving at hospitals in New York: Beyond fever, cough and shortness of breath, some\\u2026'",en,
Sat Apr 18 07:30:17 +0000 2020,"b""RT @Wildflower893: I woke up feeling the same chest pain and the constant headache I do feel...and I can't take any more drugs\\U0001f629. I have bee\\u2026""",en,
Sat Apr 18 07:30:20 +0000 2020,b'Look at it',en,
Sat Apr 18 07:30:21 +0000 2020,b'I have a major headache',en,
Sat Apr 18 07:30:22 +0000 2020,b'RT @deadseaapes: A song for our times: \\nhttps://t.co/wLfO0wOl1t',en,
Sat Apr 18 07:30:24 +0000 2020,b'@miguel_reyesMD In China they would test several sites including feces before calling it negative. Also bronch and\\u2026 https://t.co/NpFYFY4E7m',en,
Sat Apr 18 07:30:25 +0000 2020,b'MY COOKY HEADBAND IS GIVINF ME A HEADACHE its ok\\U0001f49c',en,
Sat Apr 18 07:30:25 +0000 2020,b'This headache \\U0001f915\\U0001f97a',en,
Sat Apr 18 07:30:27 +0000 2020,"b'RT @AFP: A pattern is emerging among COVID-19 patients arriving at hospitals in New York: Beyond fever, cough and shortness of breath, some\\u2026'",en,
Sat Apr 18 07:30:38 +0000 2020,"b""Was gonna go to sleep but now I have this ridiculous headache and it won't allow me. Is there anyone currently on?\\u2026 https://t.co/XWxJuv90hJ""",en,
Sat Apr 18 07:30:43 +0000 2020,b'@aether312 The chest pin shortness of breath is one of the last symptoms you got like max 4ish days left',en,
Sat Apr 18 07:30:45 +0000 2020,"b'RT @mmaher70: Daughter doing tills and online shopping for #sainsburys has gone down with #coronavirusuk \\nLoss of taste, extreme fatigue, h\\u2026'",en,
Sat Apr 18 07:30:46 +0000 2020,b'Can anyone explain how I have woke up with a sore throat and a head cold ( it\\u2019s not Corona) when we have literally\\u2026 https://t.co/VQvHoQGgMY',en,
Sat Apr 18 07:30:49 +0000 2020,b'getting a headache for looking at the screen too long I refuse to tap out',en,
Sat Apr 18 07:30:52 +0000 2020,"b'RT @DeepLeffen: No johns, but I didn\\u2019t fucking lose. 1. I had a horrible headache the entire set. 2. I didn\\u2019t even watch the last match. 3.\\u2026'",en,
Sat Apr 18 07:30:52 +0000 2020,"b'@_QRATOS I laughed at that shit soo hard earlier, I had to take a nap from my headache'",en,
Sat Apr 18 07:30:54 +0000 2020,"b""@kaoridani \\u200d \\u200d \\u200d\\u200d \\u200d \\u200d \\u200d \\u200d \\u200d \\u200d \\u200d \\u200d \\u200d\\u200d    I hope you won't get the headache after kaori-san.""",en,
Sat Apr 18 07:30:56 +0000 2020,"b""pray for christi's headache yall""",en,
Sat Apr 18 07:30:56 +0000 2020,b'@Punkaar_ Thanks bro \\n\\nPar headache hota subtitles padhke mujhe \\U0001f602\\n\\nUtna maja b nahi aata bina face expression dekhe',et,
Sat Apr 18 07:30:58 +0000 2020,b'@ActivistPost https://t.co/7FioeA1LF0',und,
Sat Apr 18 07:30:59 +0000 2020,"b'RT @BajanBiancs: @RozzaCampos Ain\\u2019t this the truth !!! \\n\\nI have regressed, get drunk off 2 glasses of wine &amp; waking up with a massive heada\\u2026'",en,
Sat Apr 18 07:31:00 +0000 2020,b'RT @MMelyxha: Your partner should be your peace not headache',en,
Sat Apr 18 07:31:00 +0000 2020,b'I woke up at like 3 with the maddest headache faaaaaaam',en,
Sat Apr 18 07:31:03 +0000 2020,b'@alor_501st A wave of relief passed through Kenobi when he heard his friend\\u2019s voice.\\n\\nRex was alive.\\n\\n\\u201cI\\u2019m-\\u201c the gi\\u2026 https://t.co/ZNiYp3e00k',en,
Sat Apr 18 07:31:05 +0000 2020,"b'Some of these notes over #blackAF are giving me a Kentucky-Fried headache. Y\\u2019all hate shows like this, but complain\\u2026 https://t.co/ods8PjZDKh'",en,
Sat Apr 18 07:31:05 +0000 2020,"b'RT @IssamAhmed: A pattern is emerging among COVID-19 patients arriving at hospitals in New York: Beyond fever, cough and shortness of breat\\u2026'",en,
Sat Apr 18 07:31:05 +0000 2020,b'@R_H_Ebright v useful vascular heart brain stem potentially attacked by virus anecdotally: the most odd symptoms I/\\u2026 https://t.co/MtGA15zdfn',en,
Sat Apr 18 07:31:06 +0000 2020,"b""I got mikes harder but I just googled how much sugar it has and it's 46 g and 46g of carbs D: wtf no wonder my headache got worse""",en,
Sat Apr 18 07:31:06 +0000 2020,"b'RT @SadPunkWidow: 1) My symptoms are 100% fucking worse today..\\nI have an awful cough, It hurts to breathe and my fever is 100.8 degrees.\\n(\\u2026'",en,
Sat Apr 18 07:31:13 +0000 2020,"b""RT @Wildflower893: I woke up feeling the same chest pain and the constant headache I do feel...and I can't take any more drugs\\U0001f629. I have bee\\u2026""",en,
Sat Apr 18 07:31:17 +0000 2020,"b""@marcelalsne I hope you didn't set expectations on me regarding this matter for I'm generally bad at recognizing pe\\u2026 https://t.co/ZqE2P2Y8UM""",en,
Sat Apr 18 07:31:21 +0000 2020,b'i have a headache',en,
Sat Apr 18 07:31:26 +0000 2020,"b'RT @DrZoeHyde: Very important study, showing ""presence of viral elements within endothelial cells ... with evidence of endothelial and infl\\u2026'",en,
Sat Apr 18 07:31:29 +0000 2020,"b'RT @IssamAhmed: A pattern is emerging among COVID-19 patients arriving at hospitals in New York: Beyond fever, cough and shortness of breat\\u2026'",en,
Sat Apr 18 07:31:32 +0000 2020,"b'@ysera__ It actually gave me a headache, humans lack of caring and empathy or compassion for humans and animals is sick.'",en,
Sat Apr 18 07:31:33 +0000 2020,b'@DrAshJac True\\nAquaintance trapped in massive Thanksgiving throng (Nov 27th) at US mall\\nUnusual sore throat/deep co\\u2026 https://t.co/6lc9EivJB2',en,
Sat Apr 18 07:31:48 +0000 2020,b'Belly intro is dope but all them strobe lights be giving me a headache.',en,
Sat Apr 18 07:31:57 +0000 2020,"b'Lori, I hope your suffering is eased'",en,
Sat Apr 18 07:31:57 +0000 2020,b'im getting headache might be time for me to sleep soon\\U0001f61e\\U0001f614',en,
Sat Apr 18 07:31:59 +0000 2020,"b'turns out that decision would turn my life upside down.\\n\\n""you\'re here again, nathan."" the doctor smiled at me, ""hea\\u2026 https://t.co/AYQvZr2LBo'",en,
Sat Apr 18 07:32:00 +0000 2020,"b""@fkeyamo Lesson to the political fly about ...put things right in your country...you don't need to jet out all because of headache.""",en,
Sat Apr 18 07:32:01 +0000 2020,"b'RT @Deep_SKD: No johns, but I didn\\u2019t fucking lose. 1. I had a horrible headache the entire set. 2. I didn\\u2019t even watch the last match. 3. Y\\u2026'",en,
Sat Apr 18 07:32:02 +0000 2020,"b'""honey, let me refer you. this might not be just a simple headache.""\\n\\ni was referred to a clinical psychologist.\\n\\n""\\u2026 https://t.co/HrDxp6TtAC'",en,
Sat Apr 18 07:32:03 +0000 2020,b'There\\u2019s not a day I can live my life without seeing my children beefing with each other. Especially Lia Jaehyun and\\u2026 https://t.co/mTfBpjS08B',en,
Sat Apr 18 07:32:05 +0000 2020,"b""RT @UNEthiopia: Can #COVID19 be spread through coins &amp; banknotes? \\n\\n'There is currently no evidence 2 confirm or disprove that #COVID19 vir\\u2026""",en,
Sat Apr 18 07:32:22 +0000 2020,"b'RT @DrZoeHyde: Very important study, showing ""presence of viral elements within endothelial cells ... with evidence of endothelial and infl\\u2026'",en,
Sat Apr 18 07:32:24 +0000 2020,"b'RT @DeepLeffen: No johns, but I didn\\u2019t fucking lose. 1. I had a horrible headache the entire set. 2. I didn\\u2019t even watch the last match. 3.\\u2026'",en,
Sat Apr 18 07:32:38 +0000 2020,"b""I've got a headache. \\n\\nBut Is that gonna stop me?\\n\\nHell no.""",en,
Sat Apr 18 07:32:39 +0000 2020,b'my headache is coming back .... stop it immediately \\U0001f610\\U0001f91a',en,
Sat Apr 18 07:32:46 +0000 2020,b'RT @saucyshar: people who stay in drama give me a headache. I cut ties to that energy.',en,
Sat Apr 18 07:32:46 +0000 2020,b'once when i was little i had a headache and i noticed whenever i walked passed my cousin my head throbbed where i c\\u2026 https://t.co/VUF76jbLyg',en,
Sat Apr 18 07:32:49 +0000 2020,b'i gave myself a headache',en,
Sat Apr 18 07:32:50 +0000 2020,b'I got a mean headache',en,
Sat Apr 18 07:32:57 +0000 2020,"b""I DON'T CARE Mr Amnesty!\\n\\nThat's Their HEADACHE\\n\\nCHINESE VIRUS\\nCHINESE VIRUS\\nCHINESE VIRUS\\nCHINESE VIRUS\\nCHINESE VI\\u2026 https://t.co/pw4AHTgF1D""",en,
Sat Apr 18 07:33:00 +0000 2020,b'Its sore throat\\U0001f917\\U0001f917..',en,
Sat Apr 18 07:33:00 +0000 2020,"b'@kaycee_justin That\\u2019s when you guys are older and are supposed to be financially doing Okk,they click to the one wi\\u2026 https://t.co/VWf1hX7MFK'",en,
Sat Apr 18 07:33:04 +0000 2020,b'@Dollfdollface87 I just woke up with a sore throat and my grumpy pants on',en,
Sat Apr 18 07:33:04 +0000 2020,b'which is why some things are better left unsaid and it saves you a huge ass headache',en,
Sat Apr 18 07:33:06 +0000 2020,b'RT @MORRGG__: Belly intro is dope but all them strobe lights be giving me a headache.',en,
Sat Apr 18 07:33:07 +0000 2020,"b""RT @DrZoeHyde: And here's evidence of widespread vascular damage in adults:\\nhttps://t.co/BHfjU63HH7""",en,
Sat Apr 18 07:33:20 +0000 2020,b'i\\u2019m starting to get a headache and i\\u2019m pissed',en,
Sat Apr 18 07:33:20 +0000 2020,b'Are they really jobeless?',en,
Sat Apr 18 07:33:21 +0000 2020,b'How many headache pills have y\\u2019all had to take during this quarantine?\\U0001f62d \\U0001f480',en,
Sat Apr 18 07:33:24 +0000 2020,"b'RT @IssamAhmed: A pattern is emerging among COVID-19 patients arriving at hospitals in New York: Beyond fever, cough and shortness of breat\\u2026'",en,
Sat Apr 18 07:33:27 +0000 2020,"b""@ksibeso_pinky @JustChiti You were right... \\n\\nAlso I'm done following this topic coz it's seriously giving me a hea\\u2026 https://t.co/qxk4NP9ebm""",en,
Sat Apr 18 07:33:28 +0000 2020,b'@sarahcdawson1 @Abramjee @GovernmentZA @gpgSocDev @MuslimAssocSA @SANZAFSA @IOL @SundayTimesZA @GiftoftheGivers\\u2026 https://t.co/W43yLApQuk',en,
Sat Apr 18 07:33:39 +0000 2020,b'This invariably means there are many false negative testings (individuals who have the disease but test negative).\\u2026 https://t.co/osyydq87ut',en,
Sat Apr 18 07:33:40 +0000 2020,"b""@coffeegirlpti \\u0130t's better to sleep I think as you are having headache""",en,
Sat Apr 18 07:33:43 +0000 2020,b'@namjoonspigeon_ I HAVE A HEADACHE IFNFN',en,
Sat Apr 18 07:33:53 +0000 2020,b'Haven\\u2019t had a headache in so long. https://t.co/8m0IXCJWQC',en,
Sat Apr 18 07:33:56 +0000 2020,b'IMMA SHOOT MYSELF FUCK THIS HEADACHE',en,
Sat Apr 18 07:34:00 +0000 2020,"b'#Inventorymanagement is often the biggest headache of any #ecommercestore. \\n\\nIf you screw it up, it can cost you a\\u2026 https://t.co/AN8shyuNi9'",en,
Sat Apr 18 07:34:01 +0000 2020,b'Does partisan politics give you #nausea?',en,
Sat Apr 18 07:33:57 +0000 2020,b'my mom came to my room and told me to stop watching and screaming hard cuz i might have sore throat again KSNDJDMKDKDKS',en,
Sat Apr 18 07:34:03 +0000 2020,"b'It\\u2019s 3am and I\\u2019ve got a stinking headache, \\n\\nfml'",en,
Sat Apr 18 07:34:09 +0000 2020,"b'RT @DeepLeffen: No johns, but I didn\\u2019t fucking lose. 1. I had a horrible headache the entire set. 2. I didn\\u2019t even watch the last match. 3.\\u2026'",en,
Sat Apr 18 07:34:09 +0000 2020,b'@series_killa @DrJoeAbah @danamboss There are some concepts you throw out in the open and cause chaos. A lot of peo\\u2026 https://t.co/6UDMb8vD7C',en,
Sat Apr 18 07:34:10 +0000 2020,b'Key maps and charts explaining how the respiratory virus has spread around the Country\\xa0...at home if the coronaviru\\u2026 https://t.co/3muQo5q9fV',en,
Sat Apr 18 07:34:16 +0000 2020,"b""\\U0001f602 I just remember I haven't have my lunch yet. Until I felt bit headache. \\U0001f602 then I scream while eating.""",en,
Sat Apr 18 07:34:18 +0000 2020,"b'RT @DeepLeffen: No johns, but I didn\\u2019t fucking lose. 1. I had a horrible headache the entire set. 2. I didn\\u2019t even watch the last match. 3.\\u2026'",en,
Sat Apr 18 07:34:18 +0000 2020,"b'RT @mmaher70: Daughter doing tills and online shopping for #sainsburys has gone down with #coronavirusuk \\nLoss of taste, extreme fatigue, h\\u2026'",en,
Sat Apr 18 07:34:18 +0000 2020,b'I AHVE A HORRIBLE HEADACHE BUT FUCK THAT IM@BEING A WHORE',en,
Sat Apr 18 07:34:21 +0000 2020,b'It\\u2019s probably just my body reacting to the general muscles/exhaustion pains and headache I constantly have.',en,
Sat Apr 18 07:34:27 +0000 2020,b'IMMA END UP PULLING SOMETHING FROM BOPPING SO HARD PLS I HAVE A HEADACHE ALREADY https://t.co/SncvGOYkmG',en,
Sat Apr 18 07:34:30 +0000 2020,b'I should not have biked in the rain \\U0001f974 I\\u2019m sick again during rony rona szn w sore throat',en,
Sat Apr 18 07:34:32 +0000 2020,"b""@charlidamelio OK I'm hoping youre asleep right now charli cause you need the rest and I hope you feel better but i\\u2026 https://t.co/ym5oS8w5Mx""",en,
Sat Apr 18 07:34:33 +0000 2020,b'I have the worst headache rn',en,
Sat Apr 18 07:34:35 +0000 2020,b'@ultjjg my fingers and eyes rlly be multitasking IM HAVIN A HEADACHE',en,
Sat Apr 18 07:34:37 +0000 2020,b'I HAVE A HEADACHE BUT ONLY BC ITS SO MUCH FUN LIKE WOW BTS HAS NO BAD SONGS ITS JUST BOP AFTER BOP',en,
Sat Apr 18 07:34:38 +0000 2020,"b""RT @UNEthiopia: Can #COVID19 be spread through coins &amp; banknotes? \\n\\n'There is currently no evidence 2 confirm or disprove that #COVID19 vir\\u2026""",en,
Sat Apr 18 07:34:45 +0000 2020,b'@LostByWaves Chyawanprash helps me get rid of sore throat real fast. Helped me around end of March with the same. I\\u2026 https://t.co/3IaCa7pAy2',en,
Sat Apr 18 07:34:47 +0000 2020,"b'just woke up from a nappie, but i have a bad headache, ill probably make some tea \\U0001f970'",en,
Sat Apr 18 07:34:48 +0000 2020,b'I have a whole headache now',en,
Sat Apr 18 07:34:48 +0000 2020,b'This headache man \\U0001f97a',en,
Sat Apr 18 07:34:53 +0000 2020,b'@da45wn It\\u2019s 3am ere but im wide awake with a stinking headache \\U0001f915',en,
Sat Apr 18 07:34:55 +0000 2020,"b'@Bluefir72164756 Yea, heads can be a headache (pun intended)'",en,
Sat Apr 18 07:34:56 +0000 2020,b'TAE BE GROWLING \\nbaby your throat is gonna be sore dgshjkdg',en,
Sat Apr 18 07:35:03 +0000 2020,b'that now give me a headache yc',en,
Sat Apr 18 07:35:03 +0000 2020,b'FEVER\\u767a\\u52d5\\u6642\\u306e\\u500d\\u7387x100\\u70b9\\u304c\\u52a0\\u7b97\\u3055\\u308c\\u308b\\uff08x2\\u306a\\u3089200\\u70b9\\u3001x5\\u306a\\u3089500\\u70b9\\uff09\\u306e\\u3067\\u3001\\u307b\\u3068\\u3093\\u3069\\u306e\\u8b5c\\u9762\\u306f\\u4f55\\u3082\\u8003\\u3048\\u305a\\u306bFEVERx5AUTO\\u3067100%\\u53d6\\u308c\\u3070\\u7406\\u8ad6\\u5024\\u306b\\u306a\\u308b\\u3051\\u3069\\u3001\\u3054\\u304f\\u4e00\\u90e8\\u624b\\u52d5FEVER\\u3067\\u305d\\u308c\\u3092\\u8d8a\\u3048\\u308b\\u5834\\u5408\\u304c\\u3042\\u308b\\uff08plastic method 6BSC\\u3067\\u78ba\\u8a8d',ja,
Sat Apr 18 07:35:04 +0000 2020,b'Cried myself into a headache \\U0001f623 really wish i can take these feelings away \\U0001f494\\U0001f494',en,
Sat Apr 18 07:35:16 +0000 2020,"b'RT @naeshimjanq: Updates, but it will only give you headache \\U0001f602\\U0001f92a\\n\\U0001f517 https://t.co/3ExZ3Yci0x'",en,
Sat Apr 18 07:35:17 +0000 2020,b'RT @sosadtoday: i have a headache from dealing with myself',en,
Sat Apr 18 07:35:22 +0000 2020,"b'RT @gmanews: A pattern is emerging among COVID-19 patients arriving at hospitals in New York: Beyond fever, cough and shortness of breath,\\u2026'",en,
Sat Apr 18 07:35:23 +0000 2020,b'@AlisonMc_F @GaryLineker Stock is taking an eternity be custom cleared due to huge backlogs. Causing everyone a headache',en,
Sat Apr 18 07:35:29 +0000 2020,"b'RT @saweetprincess: i have a headache bae, come eat my pussy \\U0001f97a'",en,
Sat Apr 18 07:35:30 +0000 2020,b'@Sidhart65754457 I am deleting my comment now \\U0001f602 don\\u2019t give yourself a headache https://t.co/YKSd9zex88',en,
Sat Apr 18 07:35:32 +0000 2020,"b""@chimichangakinz I've had my headache all day, it just started getting worse though. Don't see it going away unfort\\u2026 https://t.co/rSARzEE9TP""",en,
Sat Apr 18 07:35:34 +0000 2020,b'PLS FUCKGIN SPARE ME I AM ABOUTT O PASS PIT I HAVE A MASSIVE HEADACHE I WANT TO CONTINUE WATCHIGN BUT ITS KILLIGN@ME FUCK',en,
Sat Apr 18 07:35:36 +0000 2020,b'@pandaymewarro SAMEEEE. AJEEB GABDI NAUSEA WALI HALAT HO RHI H. GUSSA B ARHA H\\U0001f62d\\U0001f62d\\U0001f62d',et,
Sat Apr 18 07:35:40 +0000 2020,b'RT @Untitled_soul: This headache banging like two fat chicks banging it out in a two door Ford Focus with all the windows rolled up',en,
Sat Apr 18 07:35:41 +0000 2020,b'Lassa Fever is killing Nigerians. It is present in 26 states and has killed at least a 100 people. While we focus o\\u2026 https://t.co/fK0HBHY14p',en,
Sat Apr 18 07:35:43 +0000 2020,"b""RT @DrOz: #Covid19 is a respiratory disease, but ongoing research suggests it could also lead to heart-related problems. \\n\\nHere's what we k\\u2026""",en,
Sat Apr 18 07:35:47 +0000 2020,"b""It snowed! That's why I still have a headache after taking a crap load of allergy and headache medicine. \\n\\nJust eno\\u2026 https://t.co/WHqzKUqlVQ""",en,
Sat Apr 18 07:36:00 +0000 2020,b'@mikassong @Juks_Afrika You must be a liverpool fan if not you have a terrible headache https://t.co/bbFWrlFajZ',en,
Sat Apr 18 07:36:01 +0000 2020,b'Headache \\U0001f915',et,
Sat Apr 18 07:36:06 +0000 2020,"b'@VeritasUnae @BiggameinggirlW @C0REZI @justiceisover This is the original ""men is too headache""\\n\\nhttps://t.co/U2Bqgeqson'",en,
Sat Apr 18 07:36:07 +0000 2020,"b'RT @venn_omm: Dear mathematics ,\\n\\nStop asking the value of ""X"" anymore...\\nShe was nothing except headache!'",en,
Sat Apr 18 07:36:10 +0000 2020,b'How can I be so confident &amp; so insecure at the same time I GIVE MYSELF A HEADACHE SMDH',en,
Sat Apr 18 07:36:13 +0000 2020,"b'So some doctor is saying that apart from respiratory organs, the virus could also affect other organs later in live\\u2026 https://t.co/hLv3DdIGPU'",en,
Sat Apr 18 07:36:13 +0000 2020,"b'RT @tenderfiennes: stan these two unproblematic queens instead, you\\u2019ll never get a headache https://t.co/IrLmDKDW3z'",en,
Sat Apr 18 07:36:16 +0000 2020,b'unfortunately hot boys do not cure the headache pain',en,
Sat Apr 18 07:36:17 +0000 2020,b'Wanted to work more on that lesson plan but ended up chillin got a big headache so I\\u2019ll just do some tomorrow and go from there',en,
Sat Apr 18 07:36:21 +0000 2020,"b'homegirl got a cough, sore throat, and a stuffy nose. I ain\\u2019t left my house but my mom works at a clinic...if catch\\u2026 https://t.co/hj4eS4sA4D'",en,
Sat Apr 18 07:36:22 +0000 2020,"b'RT @mmaher70: Daughter doing tills and online shopping for #sainsburys has gone down with #coronavirusuk \\nLoss of taste, extreme fatigue, h\\u2026'",en,
Sat Apr 18 07:36:29 +0000 2020,b'RT @duchesskk: Lassa Fever is killing Nigerians. It is present in 26 states and has killed at least a 100 people. While we focus on COVID 1\\u2026',en,
Sat Apr 18 07:36:30 +0000 2020,"b""@jaymarpublishin @ADFawcett @DarrenPlymouth No, it's not ok to force pub owners into bankruptcy due to an overreact\\u2026 https://t.co/vKQMYiDDNb""",en,
Sat Apr 18 07:36:32 +0000 2020,b'RT @duchesskk: Lassa Fever is killing Nigerians. It is present in 26 states and has killed at least a 100 people. While we focus on COVID 1\\u2026',en,
Sat Apr 18 07:36:32 +0000 2020,b'@ImPressureAAF It relieved me of my headache lol',en,
Sat Apr 18 07:36:34 +0000 2020,b'@vantaesgvcci It might be an exhaustion headache. I get them quite often.',en,
Sat Apr 18 07:36:34 +0000 2020,"b""@Deauxma That's not what the instructions are! No one KNOWS they have the virus unless they get tested. So what the\\u2026 https://t.co/vkR7KHt7gC""",en,
Sat Apr 18 07:36:34 +0000 2020,b'what made vmin so angry they lit rally keep growling through the whole performances didnt their throat feel sore \\U0001f62d',en,
Sat Apr 18 07:36:38 +0000 2020,"b'RT @leahbowen_xo: @StylesRelated @AlanaforeverBTS @camden52801 @1uphwa Yes, racism is exhausting. I absolutely love being black but seeing\\u2026'",en,
Sat Apr 18 07:36:38 +0000 2020,b'I really don\\u2019t want to start back taking my headache meds \\U0001f615',en,
Sat Apr 18 07:36:39 +0000 2020,"b'RT @NeuroscienceNew: 22% reported a loss of appetite, with an additional 22% reporting nausea and vomiting, and 12% reported diarrhea. 40%\\u2026'",en,
Sat Apr 18 07:36:39 +0000 2020,b'I HAVE A HEADACHE THIS IS TAE FAULT FOR FUCKIGN GROWLING AND GIVING ME R RATED THOUGHTS???\\\\?/7.!:7',en,
Sat Apr 18 07:36:51 +0000 2020,b'@AlanBixter No. Headache (not as bad now) temp down to 37.1. Throat still scratchy. Nose stopped bleeding. General\\u2026 https://t.co/mG63Ta73yO',en,
Sat Apr 18 07:36:51 +0000 2020,"b'Hey, hi, morning. Need some nice music this morning to help ease that hangover headache? I know I do. \\n\\nhttps://t.co/VbJLeJAuzV'",en,
Sat Apr 18 07:36:56 +0000 2020,b'RT @duchesskk: Lassa Fever is killing Nigerians. It is present in 26 states and has killed at least a 100 people. While we focus on COVID 1\\u2026',en,
Sat Apr 18 07:37:04 +0000 2020,b'RT @ClevelandClinic: 6 doctor-recommended home remedies for sore throat (and two remedies you should avoid) + when you should see a doctor:\\u2026',en,
Sat Apr 18 07:37:08 +0000 2020,b'@carsoneisenhart Headache. Considering \\u201csergio\\u201d on Netflix. Thinking... what is the sense of it all? Re set life?',en,
Sat Apr 18 07:37:11 +0000 2020,b'@Pumezaah1 Hi @Pumezaah1. The symptoms of Covid-19 are similar to that of a common cold or flu. These  symptoms are\\u2026 https://t.co/KrLluNpPeD',en,
Sat Apr 18 07:37:15 +0000 2020,"b'RT @Deep_SKD: No johns, but I didn\\u2019t fucking lose. 1. I had a horrible headache the entire set. 2. I didn\\u2019t even watch the last match. 3. Y\\u2026'",en,
Sat Apr 18 07:37:18 +0000 2020,"b""I have a lil headache so I'm gonna go to bed \\u2661 nini everyone""",en,
Sat Apr 18 07:37:20 +0000 2020,b'@Thulani_Dlamini Dude \\U0001f62d. This headache \\U0001f915',en,
Sat Apr 18 07:37:21 +0000 2020,b'MY THROAT IS SO SORE',en,
Sat Apr 18 07:37:22 +0000 2020,b'Got a mean ass headache \\U0001f62d',en,
Sat Apr 18 07:37:25 +0000 2020,"b'fema: If you think you may be experiencing emergency #COVID19 symptoms, please seek immediate medical attention. Wa\\u2026 https://t.co/KpHjR93abR'",en,
Sat Apr 18 07:37:27 +0000 2020,"b'RT @DeepLeffen: No johns, but I didn\\u2019t fucking lose. 1. I had a horrible headache the entire set. 2. I didn\\u2019t even watch the last match. 3.\\u2026'",en,
Sat Apr 18 07:37:28 +0000 2020,"b'RT @FOXCATA7: fema: If you think you may be experiencing emergency #COVID19 symptoms, please seek immediate medical attention. Warning sign\\u2026'",en,
Sat Apr 18 07:37:32 +0000 2020,"b""@CMDR_Scylla Dang!!! Yeah, I've had that kind of headache before, where exactly on your head is the pain? Usually m\\u2026 https://t.co/qHgJMJpEWG""",en,
Sat Apr 18 07:37:32 +0000 2020,"b'@DooMLuckyGirl2 and I, every 1 hour  I woke up at ten in the morning and of course I got a headache M. Saturday before Easter \\U0001f621'",en,
Sat Apr 18 07:37:33 +0000 2020,"b'@WinterfellT FYI, my wife\\u2019s cousin didn\\u2019t have a fever or a sore throat. She developed a dry cough that persisted f\\u2026 https://t.co/nuJf94aoY2'",en,
Sat Apr 18 07:37:34 +0000 2020,"b""RT @sfoffs: w: love walk\\nxiaojun: It's not love walk, it's love talk *headache* I think you're a new fan\\nten: omg is it love talk, not body\\u2026""",en,
Sat Apr 18 07:37:35 +0000 2020,b'@im_narcotic its headache',en,
Sat Apr 18 07:37:36 +0000 2020,"b""ok i'm done tweeting or i'll get headache if i continue talking SKSJSJSD""",en,
Sat Apr 18 07:37:45 +0000 2020,b'RT @duchesskk: Lassa Fever is killing Nigerians. It is present in 26 states and has killed at least a 100 people. While we focus on COVID 1\\u2026',en,
Sat Apr 18 07:37:45 +0000 2020,"b'Oga energy gad, small small na. Channel your energy to the bread and pure water wey you dey distribute. No enter ev\\u2026 https://t.co/fphSmgMdkP'",en,
Sat Apr 18 07:37:50 +0000 2020,b'@citizentvkenya Thata the way to go. Kenya has to accept and shut down just like uganda. Its giving us headache as\\u2026 https://t.co/NRmrlXh4Jk',en,
Sat Apr 18 07:37:54 +0000 2020,b'RT @duchesskk: Lassa Fever is killing Nigerians. It is present in 26 states and has killed at least a 100 people. While we focus on COVID 1\\u2026',en,
Sat Apr 18 07:38:03 +0000 2020,b'RT @duchesskk: Lassa Fever is killing Nigerians. It is present in 26 states and has killed at least a 100 people. While we focus on COVID 1\\u2026',en,
Sat Apr 18 07:38:03 +0000 2020,b'RT @CitronsG6: All this divide the country talk is in the heat of the moment Cos when you sit down and think about the logistics of dividin\\u2026',en,
Sat Apr 18 07:38:06 +0000 2020,b'If Taehyung GROWL i growl then it turns out I\\u2019m having sore throat',en,
Sat Apr 18 07:38:07 +0000 2020,b'RT @duchesskk: Lassa Fever is killing Nigerians. It is present in 26 states and has killed at least a 100 people. While we focus on COVID 1\\u2026',en,
Sat Apr 18 07:38:12 +0000 2020,b'Headache &amp; nauseated \\U0001f922 crown is the devil',en,
Sat Apr 18 07:38:15 +0000 2020,"b'RT @DrDenaGrayson: One patient with a fever of 104 and shortness of breath says after 1 dose of #remdesivir, \\u201cMy fever dropped almost immed\\u2026'",en,
Sat Apr 18 07:38:23 +0000 2020,b'RT @duchesskk: Lassa Fever is killing Nigerians. It is present in 26 states and has killed at least a 100 people. While we focus on COVID 1\\u2026',en,
Sat Apr 18 07:38:38 +0000 2020,b'it\\u2019s 2:38. i got a headache and im still throwing it back ndnsnsjs',en,
Sat Apr 18 07:38:42 +0000 2020,b'Ok gn I have a headache',en,
Sat Apr 18 07:38:43 +0000 2020,b'RT @duchesskk: Lassa Fever is killing Nigerians. It is present in 26 states and has killed at least a 100 people. While we focus on COVID 1\\u2026',en,
Sat Apr 18 07:38:43 +0000 2020,"b'RT @zamzi21: @mrlungisa U must be having a headache of confusion again. South Africa had a thriving textile industry, light manufacturing t\\u2026'",en,
Sat Apr 18 07:38:51 +0000 2020,b'RT @ArtsyLilLamb: Got my period \\U0001f937\\u200d\\u2640\\ufe0f Fml I guess https://t.co/rDFJvDo0lZ',en,
Sat Apr 18 07:38:51 +0000 2020,b'This is the first week in a long time  I haven\\u2019t had a headache #progress',en,
Sat Apr 18 07:38:51 +0000 2020,b'@DarthAmberlemfc Goodmorning @DarthAmberlemfc Selena \\U0001f917. How bad was your headache and how are you feeling now? \\U0001f496',en,
Sat Apr 18 07:38:57 +0000 2020,b'@Tailg8er1 @always_resist @CLEfan330 @ryanstruyk By this article\\u2019s supposition it is then also true that Covid deat\\u2026 https://t.co/KRwsQSmAZ5',en,
Sat Apr 18 07:39:02 +0000 2020,b'yesterday was crappy \\n\\nI got headache and theres like a stone over my head while working',en,
Sat Apr 18 07:39:06 +0000 2020,b'PLEASESDSFFHFHGHG IM GONNA HAVE SORE THROAT BY THE MORNING',en,
Sat Apr 18 07:39:08 +0000 2020,"b'RT @BreMFnGardner__: hey guys, I\\u2019m alive.. with a headache\\U0001f974'",en,
Sat Apr 18 07:39:08 +0000 2020,b'RT @duchesskk: Lassa Fever is killing Nigerians. It is present in 26 states and has killed at least a 100 people. While we focus on COVID 1\\u2026',en,
Sat Apr 18 07:39:11 +0000 2020,b'Headache',et,
Sat Apr 18 07:39:11 +0000 2020,"b'RT @DrZoeHyde: Very important study, showing ""presence of viral elements within endothelial cells ... with evidence of endothelial and infl\\u2026'",en,
Sat Apr 18 07:39:14 +0000 2020,b'RT @duchesskk: Lassa Fever is killing Nigerians. It is present in 26 states and has killed at least a 100 people. While we focus on COVID 1\\u2026',en,
Sat Apr 18 07:39:18 +0000 2020,b'morning headache \\U0001f915',en,
Sat Apr 18 07:39:20 +0000 2020,"b""RT @sfoffs: w: love walk\\nxiaojun: It's not love walk, it's love talk *headache* I think you're a new fan\\nten: omg is it love talk, not body\\u2026""",en,
Sat Apr 18 07:39:21 +0000 2020,"b'Was on tour to SE Asia in January. Returned on Feb 29.  On Mar 7th, I came down with a fever and sore throat, but t\\u2026 https://t.co/UhK7dEcla4'",en,
Sat Apr 18 07:39:22 +0000 2020,"b""I've been unable to sleep properly for weeks now and now that bts concert marathon is happening I have a headache.   .\\n\\nI hate myself""",en,
Sat Apr 18 07:39:22 +0000 2020,"b'RT @ihsanmustaqimmm: Study pharmacy ni part paling senang adalah part side effects, \\nOnly need to remember 2 things ; \\n- nausea \\n- vomiting'",en,
Sat Apr 18 07:39:30 +0000 2020,b'I would just like one day where I don\\u2019t wake up with a headache. Please',en,
Sat Apr 18 07:39:31 +0000 2020,b'RT @duchesskk: Lassa Fever is killing Nigerians. It is present in 26 states and has killed at least a 100 people. While we focus on COVID 1\\u2026',en,
Sat Apr 18 07:39:43 +0000 2020,b'I think I\\u2019m worth every headache I give a nigga',en,
Sat Apr 18 07:39:45 +0000 2020,b'RT @cremechic11: My own unspoken hurt today is how Ezinne was laughing at how my efforts to flatten my abdominal curve ended in drunkenness\\u2026',en,
Sat Apr 18 07:39:46 +0000 2020,b'got a headache damn',en,
Sat Apr 18 07:39:50 +0000 2020,"b""imagine how sore taehyung's throat is after the concert""",en,
Sat Apr 18 07:39:53 +0000 2020,"b'RT @DeepLeffen: No johns, but I didn\\u2019t fucking lose. 1. I had a horrible headache the entire set. 2. I didn\\u2019t even watch the last match. 3.\\u2026'",en,
Sat Apr 18 07:39:54 +0000 2020,"b""RT @DrOz: #Covid19 is a respiratory disease, but ongoing research suggests it could also lead to heart-related problems. \\n\\nHere's what we k\\u2026""",en,
Sat Apr 18 07:39:59 +0000 2020,"b'RT @DeepLeffen: No johns, but I didn\\u2019t fucking lose. 1. I had a horrible headache the entire set. 2. I didn\\u2019t even watch the last match. 3.\\u2026'",en,
Sat Apr 18 07:40:00 +0000 2020,"b'More chemical sprays in my neighborhood, and very little notice again. Must look at my phone 24-7 in order to be re\\u2026 https://t.co/G7qRSqw6a9'",en,
Sat Apr 18 07:40:07 +0000 2020,b'Headache https://t.co/IqPyrlidz1 #insomnia #cantsleep',et,
Sat Apr 18 07:40:09 +0000 2020,"b'RT @yaletung: During #Hydroxichloroquine therapy nausea, vomiting &amp; diarrhea are frequent. Rarely causes (reversible) eye disorders, neurop\\u2026'",en,
Sat Apr 18 07:40:09 +0000 2020,b'RT @duchesskk: Lassa Fever is killing Nigerians. It is present in 26 states and has killed at least a 100 people. While we focus on COVID 1\\u2026',en,
Sat Apr 18 07:40:11 +0000 2020,"b'blasphemy on the TL I hate to see it, oh gosh I have a headache.'",en,
Sat Apr 18 07:40:18 +0000 2020,"b""i must know how sore tae's throat was after this show""",en,
Sat Apr 18 07:40:19 +0000 2020,"b""RT @btsluvsu2: imagine how sore taehyung's throat is after the concert""",en,
Sat Apr 18 07:40:21 +0000 2020,b'i think i have a headache now but it was worth it \\U0001f602 #Sequester #Sequestermini',en,
Sat Apr 18 07:40:23 +0000 2020,"b'RT @SowetanLIVE: This was  the consensus reached at a meeting between government, labour and business, who agreed that priority should be g\\u2026'",en,
Sat Apr 18 07:40:25 +0000 2020,"b""i was crying yesterday bc i have coughs and colds, i have sore throat at 39 'yung body temp ko. and now bumaba siya\\u2026 https://t.co/tTlCPCJ2GV""",en,
Sat Apr 18 07:40:27 +0000 2020,b'This headache \\U0001f614',en,
Sat Apr 18 07:40:29 +0000 2020,b'i has headache :(',en,
Sat Apr 18 07:40:34 +0000 2020,b'@softminyoongi i might tune in if i can\\u2019t sleep but we shall see... i can feel the beginnings of a headache so \\U0001f912',en,
Sat Apr 18 07:40:34 +0000 2020,"b'bored as shittt, with a headache'",en,
Sat Apr 18 07:40:36 +0000 2020,"b""strong headache again\\nwhyyyy is it always should be saturday don't understand""",en,
Sat Apr 18 07:40:39 +0000 2020,b'Seek medical assistance immediately if you develop shortness of breath. #COVID_19 #coronavirus #Bekind #Beready\\u2026 https://t.co/nS82qnQOB7',en,
Sat Apr 18 07:40:39 +0000 2020,b'Seek medical assistance immediately if you develop shortness of breath. #COVID_19 #coronavirus #Bekind #Beready\\u2026 https://t.co/HQHDAxIw9G',en,
Sat Apr 18 07:40:39 +0000 2020,"b""RT @UNEthiopia: Can #COVID19 be spread through coins &amp; banknotes? \\n\\n'There is currently no evidence 2 confirm or disprove that #COVID19 vir\\u2026""",en,
Sat Apr 18 07:40:44 +0000 2020,b'RT @JonGiftosMD: Some have argued that we are inflating death risk from #COVID19 by counting all deaths that occur in people who initially\\u2026',en,
Sat Apr 18 07:40:45 +0000 2020,"b""RT @sfoffs: w: love walk\\nxiaojun: It's not love walk, it's love talk *headache* I think you're a new fan\\nten: omg is it love talk, not body\\u2026""",en,
Sat Apr 18 07:40:45 +0000 2020,b'what a fucking headache',en,
Sat Apr 18 07:40:48 +0000 2020,b'RT @cashiahajanae: i have the worst headache ever',en,
Sat Apr 18 07:40:53 +0000 2020,b'RT @EBD_Alex: Definitely getting a headache later today\\nNo proper sleep I dey get tsw',en,
Sat Apr 18 07:40:53 +0000 2020,b'i have a headache help',en,
Sat Apr 18 07:40:53 +0000 2020,b'i just know his throat was sore after this line #BANGBANGCON https://t.co/kJAAjO3ggQ',en,
Sat Apr 18 07:40:54 +0000 2020,b'This headache is going to kill me \\U0001f486\\U0001f3fb\\u200d\\u2640\\ufe0f',en,
Sat Apr 18 07:40:56 +0000 2020,"b""I can already feel I'll have sore throat after this #BANGBANGCON""",en,
Sat Apr 18 07:40:56 +0000 2020,b'I think I have a headache now but it was worth it \\U0001f602 \\n#Sequester #Sequestermini',en,
Sat Apr 18 07:41:10 +0000 2020,b'@QMoneey_ I had a headache all week.',en,
Sat Apr 18 07:41:15 +0000 2020,b'I have a headache I ate too many chex mix',en,
Sat Apr 18 07:41:18 +0000 2020,"b""RT @btsluvsu2: imagine how sore taehyung's throat is after the concert""",en,
Sat Apr 18 07:41:22 +0000 2020,"b'RT @DeepLeffen: No johns, but I didn\\u2019t fucking lose. 1. I had a horrible headache the entire set. 2. I didn\\u2019t even watch the last match. 3.\\u2026'",en,
Sat Apr 18 07:41:23 +0000 2020,b'I have a headache all the time and I\\u2019m so tired but can\\u2019t sleep',en,
Sat Apr 18 07:41:23 +0000 2020,"b'@seoks_daydream sleep after this one and then wake up at 8 i think and just watch it, i\\u2019m starting to get a headache :/'",en,
Sat Apr 18 07:41:25 +0000 2020,"b'This headache is insane, I can\\u2019t even sleep \\U0001f974'",en,
Sat Apr 18 07:41:30 +0000 2020,"b""Have been trying to get tested ever since, but my Dr doesn't wants me to come in.  I think all of us who feel we ma\\u2026 https://t.co/XP3VKdcRtP""",en,
Sat Apr 18 07:41:37 +0000 2020,b'RT @DCristal23: Un podemita alabando hasta la nausea a la dictadura chavista de Maduro. Pasadlo antes de que la banda de la Gestapo de los\\u2026',es,
Sat Apr 18 07:41:39 +0000 2020,b'I had a second Pukening today and way more intense side pain. Also first major day of period \\U0001f44c\\U0001f44c\\U0001f643\\n\\nI need y\\u2019all to s\\u2026 https://t.co/MhwrLw9YqX',en,
Sat Apr 18 07:41:41 +0000 2020,b'RT @rogertansey: Trump supporters. \\n\\nYelling and screaming during a global pandemic of a deadly respiratory virus that is spread . . . by y\\u2026',en,
Sat Apr 18 07:41:43 +0000 2020,"b'RT @DeepLeffen: No johns, but I didn\\u2019t fucking lose. 1. I had a horrible headache the entire set. 2. I didn\\u2019t even watch the last match. 3.\\u2026'",en,
Sat Apr 18 07:41:47 +0000 2020,"b'RT @nicd_sa: Symptoms of #COVID19 include fever, coughing, and shortness of breath. If you believe there\\u2019s a chance you may be infected, ca\\u2026'",en,
Sat Apr 18 07:41:50 +0000 2020,b'Got to love waking up to a stress headache.',en,
Sat Apr 18 07:41:51 +0000 2020,"b'RT @DeepLeffen: No johns, but I didn\\u2019t fucking lose. 1. I had a horrible headache the entire set. 2. I didn\\u2019t even watch the last match. 3.\\u2026'",en,
Sat Apr 18 07:41:51 +0000 2020,"b""c'est officiel, Hanouna a le covid-19""",fr,
Sat Apr 18 07:41:51 +0000 2020,b'RT @AlxdrJames: Now thought you throw a whole mini drum stick in there.',en,
Sat Apr 18 07:42:05 +0000 2020,b'Ok this is giving me a headache na',en,
Sat Apr 18 07:42:09 +0000 2020,b'@ittyh_ U goodly did a listen Soca. Gimmi headache too when me try medz it',en,
Sat Apr 18 07:42:09 +0000 2020,b'TAE BBY IS GOING OFF WONT HE HAVE A SORE THROAT?????',en,
Sat Apr 18 07:42:11 +0000 2020,b'Headache \\U0001f915\\U0001f62b',et,
Sat Apr 18 07:42:14 +0000 2020,b'Going to bed upset never works out well. \\n\\nCan\\u2019t believe I woke up with a headache \\U0001f927',en,
Sat Apr 18 07:42:15 +0000 2020,b'RT @seyitaylor: @kenyanpundit @DoubleEph Big headache. That 2016 election \\u2014 the human race will be paying the bill for decades.',en,
Sat Apr 18 07:42:15 +0000 2020,b'Headache \\U0001f44e',et,
Sat Apr 18 07:42:16 +0000 2020,"b'The most common symptoms are fever, cough, shortness of breath, and breathing difficulties. In more severe cases in\\u2026 https://t.co/Yz5KNxSZCx'",en,
Sat Apr 18 07:42:17 +0000 2020,b'RT @duchesskk: Lassa Fever is killing Nigerians. It is present in 26 states and has killed at least a 100 people. While we focus on COVID 1\\u2026',en,
Sat Apr 18 07:42:21 +0000 2020,"b'RT @spkalantri: #hydroxychroloquine. Much ado about nothing? Risks, real; benefits unproven; medicine untested.'",en,
Sat Apr 18 07:42:22 +0000 2020,b'RT @duchesskk: Lassa Fever is killing Nigerians. It is present in 26 states and has killed at least a 100 people. While we focus on COVID 1\\u2026',en,
Sat Apr 18 07:42:27 +0000 2020,"b'RT @mmaher70: Daughter doing tills and online shopping for #sainsburys has gone down with #coronavirusuk \\nLoss of taste, extreme fatigue, h\\u2026'",en,
Sat Apr 18 07:42:30 +0000 2020,b'Lawd I have the meanest headache. \\U0001f629',en,
Sat Apr 18 07:42:30 +0000 2020,b'I really haven\\u2019t be able to sleep since this shit started..I\\u2019m exhausted with the worst headache lol',en,
Sat Apr 18 07:42:34 +0000 2020,b'@mehdirhasan Has he got a sore throat? His voice is deeper today',en,
Sat Apr 18 07:42:37 +0000 2020,"b'hopefully i can make it to chick, i got a damn headache'",en,
Sat Apr 18 07:42:39 +0000 2020,b'diablo que headache \\U0001f974',es,
Sat Apr 18 07:42:40 +0000 2020,"b'@Ed_UKation Nausea, panic attack, heart racing, claustrophobic, flight response, numbness, cant breathe, cant think\\u2026 https://t.co/he2eFkYFcO'",en,
Sat Apr 18 07:42:42 +0000 2020,b'i got a Headache now',en,
Sat Apr 18 07:42:42 +0000 2020,b'Just beat my meat and got a headache',en,
Sat Apr 18 07:42:43 +0000 2020,b'MY HEADACHE THIS HEADACHE',en,
Sat Apr 18 07:42:48 +0000 2020,"b""@WyzGyzTweets @NeutrinoPowered Hail, brother Wyz. Bless you, my man. Hope you're hanging well, breathing the good a\\u2026 https://t.co/ogDt5a8Ka7""",en,
Sat Apr 18 07:42:50 +0000 2020,"b""RT @sfoffs: w: love walk\\nxiaojun: It's not love walk, it's love talk *headache* I think you're a new fan\\nten: omg is it love talk, not body\\u2026""",en,
Sat Apr 18 07:42:51 +0000 2020,b'i have a really bad headache. might be because mark been gone a while \\U0001f914',en,
Sat Apr 18 07:42:56 +0000 2020,b'@DecolonialBlack Right???? Also I think it exacerbates whatever you already have. I have reflux and I\\u2019m pretty sure\\u2026 https://t.co/6ujiRWQMg9',en,
Sat Apr 18 07:42:57 +0000 2020,"b'RT @mmaher70: Daughter doing tills and online shopping for #sainsburys has gone down with #coronavirusuk \\nLoss of taste, extreme fatigue, h\\u2026'",en,
Sat Apr 18 07:43:03 +0000 2020,"b""@SHETTY8701 @AishaYesufu @noel_akoh Bobo, this is no Aisha's wish rarara at all. If they have provided A class heal\\u2026 https://t.co/mZg0AUFFeP""",en,
Sat Apr 18 07:43:06 +0000 2020,b'I surrender. The headache is killing me so much I\\u2019m light/sound sensitive. \\U0001f62b\\U0001f62b\\U0001f62b tomorrow stages are ones I\\u2019m really\\u2026 https://t.co/az29uk9667',en,
Sat Apr 18 07:43:07 +0000 2020,b'These scammers have never changed the plot \\U0001f602 \\n\\nAnd why are they giving him headache for no reason',en,
Sat Apr 18 07:43:08 +0000 2020,b'RT @jackgilinsky: i\\u2019m sorry you have a headache \\U0001f915 feel better https://t.co/m7EIqx7ND9',en,
Sat Apr 18 07:43:10 +0000 2020,b'RT @gcfsjen: im having a rlly bad headache but i still want to watch the concert :((',en,
Sat Apr 18 07:43:20 +0000 2020,b'These braids so heavy I swear I\\u2019ve had a headache since I got them done \\U0001f62d',en,
Sat Apr 18 07:43:25 +0000 2020,b'I wish I didn\\u2019t wake up just rn I have a headache now',en,
Sat Apr 18 07:43:25 +0000 2020,b'RT @duchesskk: Lassa Fever is killing Nigerians. It is present in 26 states and has killed at least a 100 people. While we focus on COVID 1\\u2026',en,
Sat Apr 18 07:43:31 +0000 2020,"b'Been looking at houses, apartments the past couple of weeks \\U0001f629 I have a headache, I\\u2019m anxious, nervous, scared my em\\u2026 https://t.co/NyxLD8PN2e'",en,
Sat Apr 18 07:43:36 +0000 2020,b'Hinde parin nawawala headache ko',tl,
Sat Apr 18 07:43:37 +0000 2020,b'RT @duchesskk: Lassa Fever is killing Nigerians. It is present in 26 states and has killed at least a 100 people. While we focus on COVID 1\\u2026',en,
Sat Apr 18 07:43:37 +0000 2020,"b""|[ Alright I'm going to bed.\\n\\nI'm actually getting a headache for staying up with no sleep.\\n\\nGoodnight\\u2014""",en,
Sat Apr 18 07:43:39 +0000 2020,b'Soy yo o la leche descremada es m\\xe1s rica? La entera me da nausea\\U0001f937\\U0001f3fb\\u200d\\u2640\\ufe0f',es,
Sat Apr 18 07:43:39 +0000 2020,b'@Bert96602677 Minchia che nausea mi fa quel pezzente',it,
Sat Apr 18 07:43:41 +0000 2020,b'i wanna translate this but im Gonna spare yall a headache wtf is this\\U0001f62d\\U0001f62d\\U0001f62d\\U0001f62d\\U0001f62d',en,
Sat Apr 18 07:43:42 +0000 2020,b'@shinyheartsbabe HES BEEN DOING IT ALL NIGHT \\U0001f62d LIKE I KNOW HE HAD TO HAVE A SORE THROAT AFTER THE CONCERT WAS DONE',en,
Sat Apr 18 07:43:43 +0000 2020,"b'RT @tony_breu: 13/\\nIf macrolides have anti-inflammatory effects, might this mechanism provide beneficial in viral infections?\\n\\nMaybe.\\n\\nOne\\u2026'",en,
Sat Apr 18 07:43:44 +0000 2020,"b""I'm having a headache from all the excitement \\U0001f605\\U0001f642\\nI want to sleep but I'm too excited to go to bed \\U0001f926\\u200d\\u2640\\ufe0f\\n\\n@BTS_twt\\u2026 https://t.co/hiWfkCFB5C""",en,
Sat Apr 18 07:43:51 +0000 2020,b'RT @duchesskk: Lassa Fever is killing Nigerians. It is present in 26 states and has killed at least a 100 people. While we focus on COVID 1\\u2026',en,
Sat Apr 18 07:43:57 +0000 2020,"b""Too late for that. He's already gotten one.""",en,
Sat Apr 18 07:43:57 +0000 2020,b'@Andre3049008813 @Juks_Afrika what is Liverpool \\U0001f639\\U0001f639\\U0001f639 what is an headache \\U0001f923\\U0001f923\\U0001f923\\U0001f923',en,
Sat Apr 18 07:44:01 +0000 2020,b'New dimension!',en,
Sat Apr 18 07:44:06 +0000 2020,b'RT @JonGiftosMD: Some have argued that we are inflating death risk from #COVID19 by counting all deaths that occur in people who initially\\u2026',en,
Sat Apr 18 07:44:12 +0000 2020,b'RT @quinnleaf: parker: did you take medicine for your headache\\nme: no i got mashed potatoes',en,
Sat Apr 18 07:44:16 +0000 2020,"b'me: man i\'m gonna go to sleep\\nblobby: maple be like ""i\'m gonna go to sleep"" and then we hear mel\'s phone go bbzzzzt\\u2026 https://t.co/lFRootl6al'",en,
Sat Apr 18 07:44:21 +0000 2020,"b""@kongees @GarShehu Who cares ! \\nIf not because it's a sin to be joyous for a brethren death, I would have been happ\\u2026 https://t.co/x4AGR49Oge""",en,
Sat Apr 18 07:44:23 +0000 2020,b'java script is giving me a big headache bro wtf',en,
Sat Apr 18 07:44:25 +0000 2020,"b'(Thanks to @RecognizedNova and @EnrapturedRose for talking me through a headache. No matter what, I know I got good\\u2026 https://t.co/czOUF7XsMc'",en,
Sat Apr 18 07:44:27 +0000 2020,b'Leyendo los comentarios de odio me vuelvo a preguntar una vez m\\xe1s qu\\xe9 tan pendeja tiene que estar la gente para ver\\u2026 https://t.co/5y9lcDK5YF',es,
Sat Apr 18 07:44:33 +0000 2020,b'@dusgustang Wifey are you okay \\U0001f62d\\U0001f62d\\U0001f62d I hope your headache goes away \\U0001f496\\U0001f496\\U0001f496\\U0001f496',en,
Sat Apr 18 07:44:38 +0000 2020,b'RT @willne: Mia might be a fucking headache but she\\u2019s the best cook I\\u2019ve ever met it all levels out',en,
Sat Apr 18 07:44:39 +0000 2020,"b'RT @FaheemYounus: Myth #2: In summer, the virus will spread more due to mosquito bites. \\n\\nWrong. This infection is spread via respiratory d\\u2026'",en,
Sat Apr 18 07:44:44 +0000 2020,b'@fighterbsp @mkraju That might be the best solution for all parties involved. The American headache would finally c\\u2026 https://t.co/VRWBWSDba7',en,
Sat Apr 18 07:44:49 +0000 2020,b'm A A M YES',en,
Sat Apr 18 07:44:49 +0000 2020,b'RT @kunga_: Are you experiencing/feeling this?\\n\\n\\u2713Headache\\n\\u2713 Poor eyesight\\n\\u2713 High temper\\n\\u2713Always out of mind\\n\\u2713 Difficulty sleeping\\n\\u2713Most of\\u2026',en,
Sat Apr 18 07:44:50 +0000 2020,"b'And today is the Death Anniversary of the greatest headache of Students,opps sorry the greatest scientist of the Un\\u2026 https://t.co/JQ8cU1Uaf4'",en,
Sat Apr 18 07:44:51 +0000 2020,"b'RT @aulanimitchell_: birth control be like: if you take me you\\u2019re at risk for gaining hella weight, being depressed as shit, your hormones\\u2026'",en,
Sat Apr 18 07:44:57 +0000 2020,"b'@DeleMomodu Bros, you never finished with Nigeria problem now Donald Trump is your headache. Leave Trump and focus\\u2026 https://t.co/nvb7XV8U6q'",en,
Sat Apr 18 07:44:59 +0000 2020,b'RT @duchesskk: Lassa Fever is killing Nigerians. It is present in 26 states and has killed at least a 100 people. While we focus on COVID 1\\u2026',en,
Sat Apr 18 07:44:57 +0000 2020,"b'RT @IssamAhmed: A pattern is emerging among COVID-19 patients arriving at hospitals in New York: Beyond fever, cough and shortness of breat\\u2026'",en,
Sat Apr 18 07:45:04 +0000 2020,b'@EvEEazy Oh no cause I\\u2019m a tell the bitch we can date so it\\u2019s not about being scary I want a poly relationship but\\u2026 https://t.co/BWS1BeD9pR',en,
Sat Apr 18 07:45:05 +0000 2020,b'RT @duchesskk: Lassa Fever is killing Nigerians. It is present in 26 states and has killed at least a 100 people. While we focus on COVID 1\\u2026',en,
Sat Apr 18 07:45:08 +0000 2020,b'RT @jackgilinsky: i\\u2019m sorry you have a headache \\U0001f915 feel better',en,
Sat Apr 18 07:45:15 +0000 2020,"b""RT @Onyeka41716773: @ChiamonwuJoy I'm supposed to be an artist. I love art, I can draw, but detailing like this, the proportions, Madooo..\\u2026""",en,
Sat Apr 18 07:45:20 +0000 2020,b'A BIG HEADACHE now!!\\U0001f448',en,
Sat Apr 18 07:45:27 +0000 2020,b'RT @mummygirl: A BIG HEADACHE now!!\\U0001f448',en,
Sat Apr 18 07:45:29 +0000 2020,b'@me_think_free What nausea would look like if it were a family!',en,
Sat Apr 18 07:45:33 +0000 2020,"b""RT @sfoffs: w: love walk\\nxiaojun: It's not love walk, it's love talk *headache* I think you're a new fan\\nten: omg is it love talk, not body\\u2026""",en,
Sat Apr 18 07:45:41 +0000 2020,"b'The headache gone, thanks to panadol... now Let Get Back To Work!!!!!!!!!'",en,
Sat Apr 18 07:45:47 +0000 2020,b'RT @cremechic11: My own unspoken hurt today is how Ezinne was laughing at how my efforts to flatten my abdominal curve ended in drunkenness\\u2026',en,
Sat Apr 18 07:45:47 +0000 2020,"b'bcs i want to get a reply, i forget my headache now #TalkwithMewGulf'",en,
Sat Apr 18 07:45:49 +0000 2020,b'Showing up to ER with a mild sore throat may land you in a section of the high acuity Covid unit.  Not only will yo\\u2026 https://t.co/LUf46R5a9N',en,
Sat Apr 18 07:45:59 +0000 2020,"b""I would never last in a bts concert because I'd die from the light show. I already have a headache and I'm just wat\\u2026 https://t.co/R3LBlML0V9""",en,
Sat Apr 18 07:46:00 +0000 2020,"b'@PenielShin @commonmelodyy wearing a mask is essential for us but, it makes me feel headache . \\U0001f926\\u200d\\u2640\\ufe0f\\n\\uc624\\ube60\\uc544 \\u315c \\ud798\\ub0b4\\uc5ec \\u315c\\u315c \\uc9c4\\uc9dc \\u315c\\u315c'",ko,
Sat Apr 18 07:46:01 +0000 2020,"b""Just had the most misogynistiv ER trip of my life. I have an IUD and suddenly I'm having severe cramps worse than w\\u2026 https://t.co/78KBSUWhcY""",en,
Sat Apr 18 07:46:02 +0000 2020,"b""Omg, Tae's growls must have given him a sore throat after this concert. \\n\\n#BANGBANGCON  \\n#BANGBANGCON_D1 \\n#BTS_concert_at_home\\n@BTS_twt""",en,
Sat Apr 18 07:46:06 +0000 2020,b'Am I going to get  a headache from sheer irritation? Perhaps.',en,
Sat Apr 18 07:46:10 +0000 2020,"b'The most common symptoms are fever, cough, shortness of breath, and breathing difficulties. In more severe cases in\\u2026 https://t.co/sLjCX0aq5j'",en,
Sat Apr 18 07:46:11 +0000 2020,"b'(Pretty useful after all, Tiny?)'",en,
Sat Apr 18 07:46:11 +0000 2020,b'@JoyfulJoyce_ no no \\U0001f602 i just specified my headache like that hshsh',en,
Sat Apr 18 07:46:16 +0000 2020,b'RT @__sarahsabrina: Major headache',en,
Sat Apr 18 07:46:16 +0000 2020,"b'Give it about 12 days and we should have a new batch CORONAVIRUS that will take them out, out of the gene Pool!\\U0001f602'",en,
Sat Apr 18 07:46:16 +0000 2020,"b""A party! woohoo! \\U0001f60e not 100% sure I'll be able to get on Twitch but I'll try. if not at least I'm dancing for you at\\u2026 https://t.co/7nkoYGyjaj""",en,
Sat Apr 18 07:46:24 +0000 2020,b'caffeine headache. \\U0001f62d',de,
Sat Apr 18 07:46:30 +0000 2020,b'i think i have a headache because of my period hahaha...',en,
Sat Apr 18 07:46:32 +0000 2020,b'@purifyfan @PopSci @Dry_Observer Spme reactions to foods are hard to categorize.  You might not want to tell me the\\u2026 https://t.co/gvMZrwTgid',en,
Sat Apr 18 07:46:33 +0000 2020,"b""I hate that im pregnant sometimes bruh I got a sore throat an i can't take nothing but gargle warm salt water,herba\\u2026 https://t.co/8xfjwFWVQO""",en,
Sat Apr 18 07:46:40 +0000 2020,b'@MarinaSofia8 I\\u2019ve woken up with a headache virtually every day this week. :(',en,
Sat Apr 18 07:46:40 +0000 2020,"b'RT @NBCHealthyTV: Show that headache who\\u2019s boss! Flax seed is a simple food remedy that\\u2019s shown to reduce the frequency, duration &amp; severit\\u2026'",en,
Sat Apr 18 07:46:43 +0000 2020,b'Chilavert\\n\\nIrwin Maldini Kuffour Brahme\\n\\nZidane   Okocha  Gascoigne\\n\\nStoichkov Drogba Bebeto\\n\\nI think this works ou\\u2026 https://t.co/D73cKQzAek',en,
Sat Apr 18 07:46:43 +0000 2020,b'@LeeMirandaLee @thepbg Thank goodness. The primary reason I stay at home is because I would be an asymptomatic carr\\u2026 https://t.co/tRVw1Vqz7L',en,
Sat Apr 18 07:46:46 +0000 2020,"b'RT @mmaher70: Daughter doing tills and online shopping for #sainsburys has gone down with #coronavirusuk \\nLoss of taste, extreme fatigue, h\\u2026'",en,
Sat Apr 18 07:46:50 +0000 2020,b'When I don\\u2019t know if it\\u2019s a headache or corona',en,
Sat Apr 18 07:46:56 +0000 2020,b'@fcambridge24 @NighyNikki I get a sore throat with my hay-fever. It does tend to calm down after a few days. \\U0001f91e\\U0001f91e',en,
